 ,Label,Area,Perim.,Major,Minor,Angle,Circ.,IntDen,RawIntDen,AR,Round,Solidity
1,1 pat p30 7 day ctrl 10x 1_colony_1.tiff,379,73.497,26.253,18.381,124.851,0.882,96645,96645,1.428,0.700,0.942
2,1 pat p30 7 day ctrl 10x 1_colony_10.tiff,209,52.770,17.592,15.127,99.555,0.943,53295,53295,1.163,0.860,0.929
3,1 pat p30 7 day ctrl 10x 1_colony_11.tiff,331,68.669,24.473,17.221,40.758,0.882,84405,84405,1.421,0.704,0.934
4,1 pat p30 7 day ctrl 10x 1_colony_12.tiff,280,66.326,26.216,13.599,131.479,0.800,71400,71400,1.928,0.519,0.929
5,1 pat p30 7 day ctrl 10x 1_colony_13.tiff,288,64.083,22.310,16.436,113.149,0.881,73440,73440,1.357,0.737,0.923
6,1 pat p30 7 day ctrl 10x 1_colony_14.tiff,290,64.426,22.609,16.332,102.936,0.878,73950,73950,1.384,0.722,0.932
7,1 pat p30 7 day ctrl 10x 1_colony_15.tiff,504,86.669,31.794,20.183,92.233,0.843,128520,128520,1.575,0.635,0.941
8,1 pat p30 7 day ctrl 10x 1_colony_16.tiff,227,56.770,19.558,14.778,108.390,0.885,57885,57885,1.323,0.756,0.923
9,1 pat p30 7 day ctrl 10x 1_colony_17.tiff,303,64.426,21.745,17.741,49.474,0.917,77265,77265,1.226,0.816,0.937
10,1 pat p30 7 day ctrl 10x 1_colony_18.tiff,292,64.527,23.435,15.864,100.228,0.881,74460,74460,1.477,0.677,0.947
11,1 pat p30 7 day ctrl 10x 1_colony_19.tiff,375,72.184,24.188,19.740,63.368,0.904,95625,95625,1.225,0.816,0.948
12,1 pat p30 7 day ctrl 10x 1_colony_2.tiff,333,68.770,23.969,17.689,3.173,0.885,84915,84915,1.355,0.738,0.946
13,1 pat p30 7 day ctrl 10x 1_colony_20.tiff,392,76.083,28.046,17.796,132.081,0.851,99960,99960,1.576,0.635,0.934
14,1 pat p30 7 day ctrl 10x 1_colony_21.tiff,657,100.326,32.153,26.017,106.967,0.820,167535,167535,1.236,0.809,0.921
15,1 pat p30 7 day ctrl 10x 1_colony_22.tiff,261,63.255,23.708,14.017,114.507,0.820,66555,66555,1.691,0.591,0.921
16,1 pat p30 7 day ctrl 10x 1_colony_23.tiff,258,59.598,20.883,15.730,51.370,0.913,65790,65790,1.328,0.753,0.936
17,1 pat p30 7 day ctrl 10x 1_colony_24.tiff,158,46.527,16.035,12.545,46.822,0.917,40290,40290,1.278,0.782,0.921
18,1 pat p30 7 day ctrl 10x 1_colony_25.tiff,255,58.184,19.124,16.977,49.551,0.947,65025,65025,1.126,0.888,0.944
19,1 pat p30 7 day ctrl 10x 1_colony_26.tiff,396,74.184,26.499,19.028,58.798,0.904,100980,100980,1.393,0.718,0.958
20,1 pat p30 7 day ctrl 10x 1_colony_27.tiff,289,64.426,22.476,16.372,37.394,0.875,73695,73695,1.373,0.728,0.932
21,1 pat p30 7 day ctrl 10x 1_colony_28.tiff,144,44.284,15.634,11.727,86.850,0.923,36720,36720,1.333,0.750,0.923
22,1 pat p30 7 day ctrl 10x 1_colony_29.tiff,266,61.598,22.585,14.996,53.809,0.881,67830,67830,1.506,0.664,0.935
23,1 pat p30 7 day ctrl 10x 1_colony_30.tiff,235,59.012,20.882,14.329,162.856,0.848,59925,59925,1.457,0.686,0.914
24,1 pat p30 7 day ctrl 10x 1_colony_31.tiff,243,58.426,19.142,16.163,122.544,0.895,61965,61965,1.184,0.844,0.920
25,1 pat p30 7 day ctrl 10x 1_colony_32.tiff,358,77.255,30.619,14.887,60.815,0.754,91290,91290,2.057,0.486,0.929
26,1 pat p30 7 day ctrl 10x 1_colony_34.tiff,290,64.669,21.756,16.972,129.468,0.871,73950,73950,1.282,0.780,0.915
27,1 pat p30 7 day ctrl 10x 1_colony_35.tiff,251,60.184,20.848,15.329,93.188,0.871,64005,64005,1.360,0.735,0.930
28,1 pat p30 7 day ctrl 10x 1_colony_36.tiff,248,60.184,22.646,13.944,107.088,0.860,63240,63240,1.624,0.616,0.934
29,1 pat p30 7 day ctrl 10x 1_colony_37.tiff,333,70.912,25.670,16.517,65.803,0.832,84915,84915,1.554,0.643,0.928
30,1 pat p30 7 day ctrl 10x 1_colony_38.tiff,264,63.598,23.218,14.477,67.074,0.820,67320,67320,1.604,0.624,0.903
31,1 pat p30 7 day ctrl 10x 1_colony_39.tiff,322,77.598,25.426,16.125,77.797,0.672,82110,82110,1.577,0.634,0.870
32,1 pat p30 7 day ctrl 10x 1_colony_4.tiff,200,55.355,20.609,12.356,27.155,0.820,51000,51000,1.668,0.600,0.909
33,1 pat p30 7 day ctrl 10x 1_colony_40.tiff,192,50.527,17.286,14.142,62.418,0.945,48960,48960,1.222,0.818,0.939
34,1 pat p30 7 day ctrl 10x 1_colony_41.tiff,420,78.083,28.255,18.926,50.599,0.866,107100,107100,1.493,0.670,0.940
35,1 pat p30 7 day ctrl 10x 1_colony_42.tiff,426,79.841,29.038,18.679,101.432,0.840,108630,108630,1.555,0.643,0.941
36,1 pat p30 7 day ctrl 10x 1_colony_43.tiff,253,61.598,22.989,14.012,47.452,0.838,64515,64515,1.641,0.610,0.920
37,1 pat p30 7 day ctrl 10x 1_colony_44.tiff,222,55.355,19.091,14.806,125.124,0.910,56610,56610,1.289,0.776,0.929
38,1 pat p30 7 day ctrl 10x 1_colony_45.tiff,472,81.841,28.409,21.154,85.459,0.886,120360,120360,1.343,0.745,0.946
39,1 pat p30 7 day ctrl 10x 1_colony_46.tiff,332,68.527,23.379,18.081,130.183,0.888,84660,84660,1.293,0.773,0.951
40,1 pat p30 7 day ctrl 10x 1_colony_48.tiff,272,63.255,23.817,14.541,58.327,0.854,69360,69360,1.638,0.611,0.927
41,1 pat p30 7 day ctrl 10x 1_colony_49.tiff,281,61.841,20.206,17.707,162.246,0.923,71655,71655,1.141,0.876,0.932
42,1 pat p30 7 day ctrl 10x 1_colony_50.tiff,223,54.770,19.188,14.798,98.286,0.934,56865,56865,1.297,0.771,0.933
43,1 pat p30 7 day ctrl 10x 1_colony_51.tiff,322,66.669,23.003,17.823,134.195,0.910,82110,82110,1.291,0.775,0.937
44,1 pat p30 7 day ctrl 10x 1_colony_52.tiff,312,65.598,23.685,16.772,166.087,0.911,79560,79560,1.412,0.708,0.947
45,1 pat p30 7 day ctrl 10x 1_colony_53.tiff,285,64.184,23.291,15.580,40.704,0.869,72675,72675,1.495,0.669,0.936
46,1 pat p30 7 day ctrl 10x 1_colony_54.tiff,460,81.497,28.274,20.715,20.387,0.870,117300,117300,1.365,0.733,0.936
47,1 pat p30 7 day ctrl 10x 1_colony_55.tiff,279,62.184,19.903,17.848,143.414,0.907,71145,71145,1.115,0.897,0.941
48,1 pat p30 7 day ctrl 10x 1_colony_56.tiff,256,61.598,21.879,14.898,114.559,0.848,65280,65280,1.469,0.681,0.924
49,1 pat p30 7 day ctrl 10x 1_colony_57.tiff,234,58.770,22.568,13.202,35.843,0.851,59670,59670,1.709,0.585,0.934
50,1 pat p30 7 day ctrl 10x 1_colony_58.tiff,586,92.912,33.719,22.128,91.265,0.853,149430,149430,1.524,0.656,0.947
51,1 pat p30 7 day ctrl 10x 1_colony_59.tiff,288,64.426,22.596,16.229,138.479,0.872,73440,73440,1.392,0.718,0.920
52,1 pat p30 7 day ctrl 10x 1_colony_60.tiff,405,77.255,28.423,18.142,99.838,0.853,103275,103275,1.567,0.638,0.939
53,1 pat p30 7 day ctrl 10x 1_colony_61.tiff,214,54.184,18.771,14.516,157.592,0.916,54570,54570,1.293,0.773,0.926
54,1 pat p30 7 day ctrl 10x 1_colony_62.tiff,267,63.598,21.353,15.921,38.643,0.830,68085,68085,1.341,0.746,0.904
55,1 pat p30 7 day ctrl 10x 1_colony_63.tiff,224,55.355,19.060,14.963,44.397,0.919,57120,57120,1.274,0.785,0.937
56,1 pat p30 7 day ctrl 10x 1_colony_64.tiff,289,63.012,22.963,16.024,60.753,0.915,73695,73695,1.433,0.698,0.943
57,1 pat p30 7 day ctrl 10x 1_colony_65.tiff,213,56.770,20.282,13.372,120.683,0.831,54315,54315,1.517,0.659,0.901
58,1 pat p30 7 day ctrl 10x 1_colony_66.tiff,260,61.497,19.827,16.697,34.391,0.864,66300,66300,1.187,0.842,0.909
59,1 pat p30 7 day ctrl 10x 1_colony_67.tiff,265,60.426,19.479,17.322,120.274,0.912,67575,67575,1.124,0.889,0.933
60,1 pat p30 7 day ctrl 10x 1_colony_68.tiff,383,72.083,24.272,20.091,107.643,0.926,97665,97665,1.208,0.828,0.946
61,1 pat p30 7 day ctrl 10x 1_colony_69.tiff,212,53.941,18.998,14.208,44.482,0.916,54060,54060,1.337,0.748,0.930
62,1 pat p30 7 day ctrl 10x 1_colony_70.tiff,466,82.569,29.663,20.003,52.916,0.859,118830,118830,1.483,0.674,0.938
63,1 pat p30 7 day ctrl 10x 1_colony_71.tiff,220,55.598,18.751,14.939,38.172,0.894,56100,56100,1.255,0.797,0.915
64,1 pat p30 7 day ctrl 10x 1_colony_72.tiff,311,69.598,25.128,15.758,177.060,0.807,79305,79305,1.595,0.627,0.911
65,1 pat p30 7 day ctrl 10x 1_colony_73.tiff,346,68.770,23.997,18.358,158.733,0.919,88230,88230,1.307,0.765,0.948
66,1 pat p30 7 day ctrl 10x 1_colony_74.tiff,716,99.740,33.719,27.036,1.695,0.904,182580,182580,1.247,0.802,0.956
67,1 pat p30 7 day ctrl 10x 1_colony_75.tiff,354,69.598,22.709,19.848,154.636,0.918,90270,90270,1.144,0.874,0.941
68,1 pat p30 7 day ctrl 10x 1_colony_76.tiff,250,58.184,20.256,15.714,29.673,0.928,63750,63750,1.289,0.776,0.940
69,1 pat p30 7 day ctrl 10x 1_colony_77.tiff,273,63.841,22.351,15.551,66.955,0.842,69615,69615,1.437,0.696,0.915
70,1 pat p30 7 day ctrl 10x 1_colony_78.tiff,364,71.598,25.629,18.083,174.044,0.892,92820,92820,1.417,0.706,0.945
71,1 pat p30 7 day ctrl 10x 1_colony_8.tiff,385,75.355,27.853,17.599,97.993,0.852,98175,98175,1.583,0.632,0.947
72,1 pat p30 7 day ctrl 10x 1_colony_9.tiff,242,59.941,21.958,14.033,91.943,0.846,61710,61710,1.565,0.639,0.929
73,1 pat p30 7 day ctrl 10x 2_colony_100.tiff,312,65.598,21.369,18.590,119.878,0.911,79560,79560,1.150,0.870,0.940
74,1 pat p30 7 day ctrl 10x 2_colony_101.tiff,439,86.184,34.229,16.330,91.988,0.743,111945,111945,2.096,0.477,0.934
75,1 pat p30 7 day ctrl 10x 2_colony_102.tiff,320,66.184,21.981,18.536,102.810,0.918,81600,81600,1.186,0.843,0.944
76,1 pat p30 7 day ctrl 10x 2_colony_103.tiff,330,68.770,24.572,17.099,104.282,0.877,84150,84150,1.437,0.696,0.940
77,1 pat p30 7 day ctrl 10x 2_colony_104.tiff,267,61.598,21.076,16.130,175.864,0.884,68085,68085,1.307,0.765,0.925
78,1 pat p30 7 day ctrl 10x 2_colony_105.tiff,439,80.426,29.404,19.010,13.879,0.853,111945,111945,1.547,0.647,0.944
79,1 pat p30 7 day ctrl 10x 2_colony_106.tiff,349,70.912,26.776,16.595,141.893,0.872,88995,88995,1.613,0.620,0.927
80,1 pat p30 7 day ctrl 10x 2_colony_108.tiff,511,83.497,26.174,24.858,123.157,0.921,130305,130305,1.053,0.950,0.949
81,1 pat p30 7 day ctrl 10x 2_colony_109.tiff,308,65.941,23.608,16.611,102.003,0.890,78540,78540,1.421,0.704,0.945
82,1 pat p30 7 day ctrl 10x 2_colony_110.tiff,230,58.770,22.501,13.015,37.368,0.837,58650,58650,1.729,0.578,0.927
83,1 pat p30 7 day ctrl 10x 2_colony_111.tiff,301,67.255,23.883,16.047,21.765,0.836,76755,76755,1.488,0.672,0.918
84,1 pat p30 7 day ctrl 10x 2_colony_112.tiff,241,59.598,22.129,13.867,18.193,0.853,61455,61455,1.596,0.627,0.922
85,1 pat p30 7 day ctrl 10x 2_colony_113.tiff,295,67.497,26.217,14.327,134.996,0.814,75225,75225,1.830,0.546,0.923
86,1 pat p30 7 day ctrl 10x 2_colony_114.tiff,386,76.184,29.137,16.868,178.888,0.836,98430,98430,1.727,0.579,0.945
87,1 pat p30 7 day ctrl 10x 2_colony_115.tiff,298,67.255,23.982,15.821,153.667,0.828,75990,75990,1.516,0.660,0.916
88,1 pat p30 7 day ctrl 10x 2_colony_116.tiff,197,51.941,18.974,13.220,110.266,0.918,50235,50235,1.435,0.697,0.934
89,1 pat p30 7 day ctrl 10x 2_colony_117.tiff,343,71.255,26.197,16.671,20.227,0.849,87465,87465,1.571,0.636,0.932
90,1 pat p30 7 day ctrl 10x 2_colony_118.tiff,235,56.770,19.536,15.316,42.510,0.916,59925,59925,1.276,0.784,0.929
91,1 pat p30 7 day ctrl 10x 2_colony_119.tiff,292,67.113,22.679,16.393,177.352,0.815,74460,74460,1.383,0.723,0.923
92,1 pat p30 7 day ctrl 10x 2_colony_120.tiff,300,65.012,23.154,16.497,62.721,0.892,76500,76500,1.403,0.713,0.938
93,1 pat p30 7 day ctrl 10x 2_colony_121.tiff,280,63.012,21.563,16.533,120.185,0.886,71400,71400,1.304,0.767,0.929
94,1 pat p30 7 day ctrl 10x 2_colony_122.tiff,377,72.426,24.984,19.213,164.748,0.903,96135,96135,1.300,0.769,0.943
95,1 pat p30 7 day ctrl 10x 2_colony_123.tiff,324,67.255,22.383,18.431,13.135,0.900,82620,82620,1.214,0.823,0.932
96,1 pat p30 7 day ctrl 10x 2_colony_124.tiff,380,73.497,26.484,18.269,25.777,0.884,96900,96900,1.450,0.690,0.941
97,1 pat p30 7 day ctrl 10x 2_colony_125.tiff,995,124.711,44.378,28.548,104.236,0.804,253725,253725,1.555,0.643,0.933
98,1 pat p30 7 day ctrl 10x 2_colony_126.tiff,318,69.012,25.867,15.653,143.846,0.839,81090,81090,1.653,0.605,0.927
99,1 pat p30 7 day ctrl 10x 2_colony_127.tiff,388,74.083,27.567,17.921,36.711,0.888,98940,98940,1.538,0.650,0.935
100,1 pat p30 7 day ctrl 10x 2_colony_128.tiff,501,83.983,28.680,22.242,47.828,0.893,127755,127755,1.289,0.776,0.946
101,1 pat p30 7 day ctrl 10x 2_colony_129.tiff,396,77.255,29.305,17.206,158.192,0.834,100980,100980,1.703,0.587,0.943
102,1 pat p30 7 day ctrl 10x 2_colony_130.tiff,266,61.841,23.539,14.388,143.106,0.874,67830,67830,1.636,0.611,0.933
103,1 pat p30 7 day ctrl 10x 2_colony_131.tiff,244,60.426,23.216,13.382,156.573,0.840,62220,62220,1.735,0.576,0.922
104,1 pat p30 7 day ctrl 10x 2_colony_132.tiff,293,65.255,23.247,16.048,56.464,0.865,74715,74715,1.449,0.690,0.932
105,1 pat p30 7 day ctrl 10x 2_colony_133.tiff,580,91.740,30.692,24.061,165.246,0.866,147900,147900,1.276,0.784,0.942
106,1 pat p30 7 day ctrl 10x 2_colony_134.tiff,205,53.941,18.335,14.236,114.654,0.885,52275,52275,1.288,0.776,0.915
107,1 pat p30 7 day ctrl 10x 2_colony_135.tiff,263,61.841,21.236,15.769,144.637,0.864,67065,67065,1.347,0.743,0.915
108,1 pat p30 7 day ctrl 10x 2_colony_136.tiff,318,68.669,25.128,16.113,29.724,0.847,81090,81090,1.560,0.641,0.927
109,1 pat p30 7 day ctrl 10x 2_colony_137.tiff,253,58.527,18.581,17.336,95.792,0.928,64515,64515,1.072,0.933,0.937
110,1 pat p30 7 day ctrl 10x 2_colony_138.tiff,294,67.841,25.326,14.781,32.802,0.803,74970,74970,1.713,0.584,0.922
111,1 pat p30 7 day ctrl 10x 2_colony_139.tiff,341,68.083,23.469,18.500,145.048,0.924,86955,86955,1.269,0.788,0.942
112,1 pat p30 7 day ctrl 10x 2_colony_140.tiff,326,66.770,21.324,19.466,130.948,0.919,83130,83130,1.095,0.913,0.939
113,1 pat p30 7 day ctrl 10x 2_colony_141.tiff,181,51.113,19.311,11.934,19.708,0.871,46155,46155,1.618,0.618,0.928
114,1 pat p30 7 day ctrl 10x 2_colony_142.tiff,324,67.598,22.687,18.183,124.038,0.891,82620,82620,1.248,0.801,0.938
115,1 pat p30 7 day ctrl 10x 2_colony_143.tiff,358,70.669,25.217,18.076,147.713,0.901,91290,91290,1.395,0.717,0.941
116,1 pat p30 7 day ctrl 10x 2_colony_144.tiff,267,62.184,22.460,15.136,176.964,0.868,68085,68085,1.484,0.674,0.930
117,1 pat p30 7 day ctrl 10x 2_colony_145.tiff,349,69.841,24.495,18.141,148.362,0.899,88995,88995,1.350,0.741,0.939
118,1 pat p30 7 day ctrl 10x 2_colony_146.tiff,300,66.426,24.428,15.636,30.222,0.854,76500,76500,1.562,0.640,0.927
119,1 pat p30 7 day ctrl 10x 2_colony_147.tiff,325,67.841,24.384,16.970,121.673,0.887,82875,82875,1.437,0.696,0.935
120,1 pat p30 7 day ctrl 10x 2_colony_148.tiff,230,57.841,20.612,14.208,136.729,0.864,58650,58650,1.451,0.689,0.920
121,1 pat p30 7 day ctrl 10x 2_colony_149.tiff,243,59.841,22.303,13.873,151.840,0.853,61965,61965,1.608,0.622,0.922
122,1 pat p30 7 day ctrl 10x 2_colony_150.tiff,292,65.598,24.122,15.412,12.149,0.853,74460,74460,1.565,0.639,0.921
123,1 pat p30 7 day ctrl 10x 2_colony_151.tiff,221,55.698,20.534,13.704,0.498,0.895,56355,56355,1.498,0.667,0.934
124,1 pat p30 7 day ctrl 10x 2_colony_152.tiff,267,61.355,22.129,15.363,26.437,0.891,68085,68085,1.440,0.694,0.940
125,1 pat p30 7 day ctrl 10x 2_colony_153.tiff,284,64.184,22.067,16.386,31.982,0.866,72420,72420,1.347,0.743,0.919
126,1 pat p30 7 day ctrl 10x 2_colony_154.tiff,252,61.355,23.260,13.794,13.959,0.841,64260,64260,1.686,0.593,0.930
127,1 pat p30 7 day ctrl 10x 2_colony_155.tiff,377,71.841,24.468,19.618,11.755,0.918,96135,96135,1.247,0.802,0.945
128,1 pat p30 7 day ctrl 10x 2_colony_156.tiff,293,64.669,21.858,17.068,35.503,0.880,74715,74715,1.281,0.781,0.920
129,1 pat p30 7 day ctrl 10x 2_colony_157.tiff,257,61.012,22.920,14.277,53.368,0.868,65535,65535,1.605,0.623,0.933
130,1 pat p30 7 day ctrl 10x 2_colony_158.tiff,469,81.740,25.959,23.004,8.660,0.882,119595,119595,1.128,0.886,0.936
131,1 pat p30 7 day ctrl 10x 2_colony_159.tiff,432,81.497,30.275,18.168,157.252,0.817,110160,110160,1.666,0.600,0.935
132,1 pat p30 7 day ctrl 10x 2_colony_160.tiff,516,84.669,27.063,24.276,43.970,0.905,131580,131580,1.115,0.897,0.949
133,1 pat p30 7 day ctrl 10x 2_colony_161.tiff,264,62.184,20.714,16.228,85.613,0.858,67320,67320,1.276,0.783,0.923
134,1 pat p30 7 day ctrl 10x 2_colony_162.tiff,230,56.426,19.281,15.188,29.103,0.908,58650,58650,1.269,0.788,0.924
135,1 pat p30 7 day ctrl 10x 2_colony_163.tiff,914,113.640,38.822,29.976,130.924,0.889,233070,233070,1.295,0.772,0.959
136,1 pat p30 7 day ctrl 10x 2_colony_79.tiff,339,67.598,22.642,19.063,178.986,0.932,86445,86445,1.188,0.842,0.947
137,1 pat p30 7 day ctrl 10x 2_colony_80.tiff,279,62.770,21.917,16.208,108.017,0.890,71145,71145,1.352,0.739,0.938
138,1 pat p30 7 day ctrl 10x 2_colony_81.tiff,294,63.841,21.642,17.296,46.789,0.906,74970,74970,1.251,0.799,0.933
139,1 pat p30 7 day ctrl 10x 2_colony_82.tiff,278,62.184,20.789,17.026,58.964,0.903,70890,70890,1.221,0.819,0.938
140,1 pat p30 7 day ctrl 10x 2_colony_83.tiff,246,59.841,20.796,15.061,79.154,0.863,62730,62730,1.381,0.724,0.921
141,1 pat p30 7 day ctrl 10x 2_colony_84.tiff,310,67.841,25.428,15.522,150.965,0.846,79050,79050,1.638,0.610,0.927
142,1 pat p30 7 day ctrl 10x 2_colony_87.tiff,350,69.012,22.443,19.857,58.651,0.923,89250,89250,1.130,0.885,0.946
143,1 pat p30 7 day ctrl 10x 2_colony_90.tiff,273,62.426,22.546,15.417,44.214,0.880,69615,69615,1.462,0.684,0.927
144,1 pat p30 7 day ctrl 10x 2_colony_92.tiff,459,85.255,26.987,21.655,82.090,0.794,117045,117045,1.246,0.802,0.884
145,1 pat p30 7 day ctrl 10x 2_colony_93.tiff,272,61.255,20.925,16.551,138.118,0.911,69360,69360,1.264,0.791,0.928
146,1 pat p30 7 day ctrl 10x 2_colony_94.tiff,355,71.255,25.341,17.837,170.299,0.879,90525,90525,1.421,0.704,0.933
147,1 pat p30 7 day ctrl 10x 2_colony_95.tiff,284,61.012,20.020,18.062,152.967,0.959,72420,72420,1.108,0.902,0.944
148,1 pat p30 7 day ctrl 10x 2_colony_96.tiff,529,85.497,28.586,23.562,4.304,0.909,134895,134895,1.213,0.824,0.939
149,1 pat p30 7 day ctrl 10x 2_colony_97.tiff,349,69.497,23.107,19.231,17.522,0.908,88995,88995,1.202,0.832,0.937
150,1 pat p30 7 day ctrl 10x 2_colony_98.tiff,301,66.184,24.043,15.940,106.233,0.864,76755,76755,1.508,0.663,0.938
151,1 pat p30 7 day ctrl 10x 2_colony_99.tiff,299,65.598,24.227,15.714,162.588,0.873,76245,76245,1.542,0.649,0.934
152,1 pat p30 7 day ctrl 10x 3_colony_164.tiff,311,67.012,23.169,17.091,173.265,0.870,79305,79305,1.356,0.738,0.927
153,1 pat p30 7 day ctrl 10x 3_colony_165.tiff,235,58.184,20.925,14.299,116.039,0.872,59925,59925,1.463,0.683,0.922
154,1 pat p30 7 day ctrl 10x 3_colony_166.tiff,223,56.184,20.870,13.605,130.618,0.888,56865,56865,1.534,0.652,0.927
155,1 pat p30 7 day ctrl 10x 3_colony_167.tiff,337,68.184,24.450,17.549,170.302,0.911,85935,85935,1.393,0.718,0.947
156,1 pat p30 7 day ctrl 10x 3_colony_168.tiff,332,69.255,22.798,18.542,150.298,0.870,84660,84660,1.230,0.813,0.925
157,1 pat p30 7 day ctrl 10x 3_colony_169.tiff,232,56.184,20.709,14.264,35.816,0.924,59160,59160,1.452,0.689,0.939
158,1 pat p30 7 day ctrl 10x 3_colony_171.tiff,340,70.770,24.107,17.958,88.520,0.853,86700,86700,1.342,0.745,0.941
159,1 pat p30 7 day ctrl 10x 3_colony_172.tiff,254,61.598,22.688,14.254,111.193,0.841,64770,64770,1.592,0.628,0.917
160,1 pat p30 7 day ctrl 10x 3_colony_173.tiff,187,49.698,17.378,13.701,150.748,0.951,47685,47685,1.268,0.788,0.937
161,1 pat p30 7 day ctrl 10x 3_colony_178.tiff,239,59.012,20.552,14.806,82.254,0.862,60945,60945,1.388,0.720,0.914
162,1 pat p30 7 day ctrl 10x 3_colony_179.tiff,469,82.669,27.501,21.713,3.539,0.862,119595,119595,1.267,0.790,0.931
163,1 pat p30 7 day ctrl 10x 3_colony_180.tiff,300,65.012,23.434,16.300,107.281,0.892,76500,76500,1.438,0.696,0.938
164,1 pat p30 7 day ctrl 10x 3_colony_181.tiff,314,65.841,23.199,17.233,89.170,0.910,80070,80070,1.346,0.743,0.942
165,1 pat p30 7 day ctrl 10x 3_colony_182.tiff,494,83.497,28.817,21.826,115.900,0.890,125970,125970,1.320,0.757,0.946
166,1 pat p30 7 day ctrl 10x 3_colony_183.tiff,568,89.255,28.123,25.716,110.996,0.896,144840,144840,1.094,0.914,0.946
167,1 pat p30 7 day ctrl 10x 3_colony_184.tiff,360,69.841,23.613,19.412,18.038,0.927,91800,91800,1.216,0.822,0.941
168,1 pat p30 7 day ctrl 10x 3_colony_185.tiff,476,82.326,28.593,21.196,50.496,0.883,121380,121380,1.349,0.741,0.944
169,1 pat p30 7 day ctrl 10x 3_colony_186.tiff,346,73.012,25.148,17.518,43.923,0.816,88230,88230,1.436,0.697,0.919
170,1 pat p30 7 day ctrl 10x 3_colony_187.tiff,345,69.841,25.094,17.505,38.297,0.889,87975,87975,1.434,0.698,0.935
171,1 pat p30 7 day ctrl 10x 3_colony_188.tiff,307,66.083,23.594,16.567,140.516,0.883,78285,78285,1.424,0.702,0.929
172,1 pat p30 7 day ctrl 10x 3_colony_189.tiff,372,73.841,23.586,20.081,158.580,0.857,94860,94860,1.175,0.851,0.925
173,1 pat p30 7 day ctrl 10x 3_colony_190.tiff,531,87.740,28.607,23.634,96.512,0.867,135405,135405,1.210,0.826,0.930
174,1 pat p30 7 day ctrl 10x 3_colony_191.tiff,211,53.941,19.033,14.115,109.659,0.911,53805,53805,1.348,0.742,0.936
175,1 pat p30 7 day ctrl 10x 3_colony_192.tiff,388,79.255,28.181,17.530,162.361,0.776,98940,98940,1.608,0.622,0.895
176,1 pat p30 7 day ctrl 10x 3_colony_193.tiff,254,57.941,20.804,15.545,158.783,0.951,64770,64770,1.338,0.747,0.951
177,1 pat p30 7 day ctrl 10x 3_colony_194.tiff,223,57.355,21.868,12.984,168.241,0.852,56865,56865,1.684,0.594,0.927
178,1 pat p30 7 day ctrl 10x 3_colony_195.tiff,410,79.255,28.146,18.547,167.552,0.820,104550,104550,1.518,0.659,0.919
179,1 pat p30 7 day ctrl 10x 3_colony_196.tiff,281,61.841,19.464,18.381,57.036,0.923,71655,71655,1.059,0.944,0.927
180,1 pat p30 7 day ctrl 10x 3_colony_197.tiff,354,69.255,23.952,18.818,167.423,0.927,90270,90270,1.273,0.786,0.945
181,1 pat p30 7 day ctrl 10x 3_colony_198.tiff,198,51.941,18.847,13.376,166.307,0.922,50490,50490,1.409,0.710,0.932
182,1 pat p30 7 day ctrl 10x 3_colony_199.tiff,206,51.941,18.013,14.561,9.473,0.960,52530,52530,1.237,0.808,0.941
183,1 pat p30 7 day ctrl 10x 3_colony_200.tiff,297,65.598,22.956,16.473,19.806,0.867,75735,75735,1.394,0.718,0.928
184,1 pat p30 7 day ctrl 10x 3_colony_201.tiff,226,55.598,19.154,15.023,164.055,0.919,57630,57630,1.275,0.784,0.926
185,1 pat p30 7 day ctrl 10x 3_colony_202.tiff,259,60.770,22.504,14.654,75.284,0.881,66045,66045,1.536,0.651,0.932
186,1 pat p30 7 day ctrl 10x 3_colony_203.tiff,338,68.184,22.851,18.833,84.657,0.914,86190,86190,1.213,0.824,0.943
187,1 pat p30 7 day ctrl 10x 3_colony_204.tiff,332,67.598,21.842,19.354,151.497,0.913,84660,84660,1.129,0.886,0.937
188,1 pat p30 7 day ctrl 10x 3_colony_205.tiff,290,65.255,24.672,14.966,44.716,0.856,73950,73950,1.649,0.607,0.929
189,1 pat p30 7 day ctrl 10x 3_colony_206.tiff,284,63.012,22.432,16.120,153.635,0.899,72420,72420,1.392,0.719,0.934
190,1 pat p30 7 day ctrl 10x 3_colony_207.tiff,414,76.426,27.351,19.272,168.961,0.891,105570,105570,1.419,0.705,0.948
191,1 pat p30 7 day ctrl 10x 3_colony_208.tiff,294,63.598,22.417,16.698,134.559,0.913,74970,74970,1.342,0.745,0.939
192,1 pat p30 7 day ctrl 10x 3_colony_209.tiff,242,58.770,20.286,15.189,144.953,0.880,61710,61710,1.336,0.749,0.929
193,1 pat p30 7 day ctrl 10x 3_colony_210.tiff,312,66.083,22.672,17.522,131.896,0.898,79560,79560,1.294,0.773,0.930
194,1 pat p30 7 day ctrl 10x 3_colony_211.tiff,519,85.841,28.436,23.239,159.931,0.885,132345,132345,1.224,0.817,0.940
195,1 pat p30 7 day ctrl 10x 3_colony_212.tiff,457,78.912,25.506,22.813,44.173,0.922,116535,116535,1.118,0.894,0.947
196,1 pat p30 7 day ctrl 10x 3_colony_213.tiff,285,62.426,21.535,16.850,38.581,0.919,72675,72675,1.278,0.782,0.941
197,1 pat p30 7 day ctrl 10x 3_colony_214.tiff,262,61.841,20.674,16.136,164.515,0.861,66810,66810,1.281,0.781,0.905
198,1 pat p30 7 day ctrl 10x 3_colony_215.tiff,337,69.355,24.511,17.506,43.293,0.880,85935,85935,1.400,0.714,0.943
199,1 pat p30 7 day ctrl 10x 3_colony_216.tiff,294,65.012,22.470,16.659,40.328,0.874,74970,74970,1.349,0.741,0.926
200,1 pat p30 7 day ctrl 10x 3_colony_217.tiff,254,60.770,19.214,16.831,14.253,0.864,64770,64770,1.142,0.876,0.909
201,1 pat p30 7 day ctrl 10x 3_colony_218.tiff,231,57.355,19.945,14.747,139.175,0.882,58905,58905,1.352,0.739,0.945
202,1 pat p30 7 day ctrl 10x 3_colony_219.tiff,327,68.912,25.681,16.212,141.626,0.865,83385,83385,1.584,0.631,0.934
203,1 pat p30 7 day ctrl 10x 3_colony_220.tiff,211,53.355,18.326,14.659,5.290,0.931,53805,53805,1.250,0.800,0.936
204,1 pat p30 7 day ctrl 10x 3_colony_221.tiff,254,59.255,19.068,16.961,47.114,0.909,64770,64770,1.124,0.889,0.922
205,1 pat p30 7 day ctrl 10x 3_colony_222.tiff,265,61.841,20.868,16.169,54.317,0.871,67575,67575,1.291,0.775,0.911
206,1 pat p30 7 day ctrl 10x 3_colony_223.tiff,256,59.941,21.946,14.853,152.281,0.895,65280,65280,1.478,0.677,0.948
207,1 pat p30 7 day ctrl 10x 3_colony_224.tiff,238,57.113,19.241,15.749,11.713,0.917,60690,60690,1.222,0.819,0.939
208,1 pat p30 7 day ctrl 10x 3_colony_225.tiff,248,60.426,21.190,14.902,138.061,0.854,63240,63240,1.422,0.703,0.908
209,1 pat p30 7 day ctrl 10x 3_colony_226.tiff,305,65.841,22.235,17.466,171.107,0.884,77775,77775,1.273,0.786,0.927
210,1 pat p30 7 day ctrl 10x 3_colony_227.tiff,337,68.083,22.337,19.210,27.464,0.914,85935,85935,1.163,0.860,0.935
211,1 pat p30 7 day ctrl 10x 3_colony_228.tiff,297,65.355,23.671,15.976,42.268,0.874,75735,75735,1.482,0.675,0.946
212,1 pat p30 7 day ctrl 10x 3_colony_229.tiff,432,78.669,25.866,21.265,89.685,0.877,110160,110160,1.216,0.822,0.942
213,1 pat p30 7 day ctrl 10x 3_colony_230.tiff,281,61.841,20.791,17.208,88.264,0.923,71655,71655,1.208,0.828,0.937
214,1 pat p30 7 day ctrl 10x 3_colony_231.tiff,832,114.125,42.251,25.072,54.525,0.803,212160,212160,1.685,0.593,0.945
215,1 pat p30 7 day ctrl 10x 3_colony_232.tiff,321,67.598,24.507,16.677,103.810,0.883,81855,81855,1.470,0.681,0.936
216,1 pat p30 7 day ctrl 10x 3_colony_233.tiff,252,61.012,22.458,14.287,159.167,0.851,64260,64260,1.572,0.636,0.921
217,1 pat p30 7 day ctrl 10x 3_colony_234.tiff,352,69.598,21.929,20.438,121.979,0.913,89760,89760,1.073,0.932,0.935
218,1 pat p30 7 day ctrl 10x 3_colony_235.tiff,317,68.669,24.421,16.528,103.012,0.845,80835,80835,1.478,0.677,0.928
219,1 pat p30 7 day ctrl 10x 3_colony_236.tiff,294,65.012,22.604,16.561,177.789,0.874,74970,74970,1.365,0.733,0.923
220,1 pat p30 7 day ctrl 10x 3_colony_237.tiff,245,61.012,23.077,13.518,35.801,0.827,62475,62475,1.707,0.586,0.921
221,1 pat p30 7 day ctrl 10x 3_colony_238.tiff,518,86.426,31.220,21.126,14.181,0.871,132090,132090,1.478,0.677,0.952
222,1 pat p30 7 day ctrl 10x 3_colony_239.tiff,253,60.184,20.865,15.439,63.459,0.878,64515,64515,1.351,0.740,0.925
223,1 pat p30 7 day ctrl 10x 3_colony_240.tiff,366,75.113,26.522,17.570,142.356,0.815,93330,93330,1.509,0.662,0.956
224,1 pat p30 7 day ctrl 10x 3_colony_241.tiff,305,70.527,26.788,14.497,86.956,0.771,77775,77775,1.848,0.541,0.916
225,1 pat p30 7 day ctrl 10x 3_colony_242.tiff,449,77.740,24.310,23.516,127.722,0.934,114495,114495,1.034,0.967,0.948
226,1 pat p30 7 day ctrl 10x 3_colony_243.tiff,253,61.497,20.089,16.035,51.297,0.841,64515,64515,1.253,0.798,0.905
227,1 pat p30 7 day ctrl 10x 3_colony_244.tiff,331,68.326,23.518,17.920,147.692,0.891,84405,84405,1.312,0.762,0.925
228,1 pat p30 7 day ctrl 10x 3_colony_245.tiff,331,69.255,25.248,16.692,19.538,0.867,84405,84405,1.513,0.661,0.932
229,1 pat p30 7 day ctrl 10x 3_colony_246.tiff,390,74.083,26.740,18.570,120.584,0.893,99450,99450,1.440,0.694,0.944
230,1 pat p30 7 day ctrl 10x 3_colony_247.tiff,345,70.426,25.072,17.520,18.732,0.874,87975,87975,1.431,0.699,0.935
231,1 pat p30 7 day ctrl 10x 3_colony_248.tiff,246,61.355,23.608,13.267,170.265,0.821,62730,62730,1.779,0.562,0.932
232,1 pat p30 7 day ctrl 10x 3_colony_249.tiff,326,68.426,24.415,17.001,33.244,0.875,83130,83130,1.436,0.696,0.931
233,1 pat p30 7 day ctrl 10x 3_colony_250.tiff,328,69.497,26.342,15.854,137.758,0.853,83640,83640,1.662,0.602,0.938
234,1 pat p30 7 day ctrl 10x 3_colony_251.tiff,377,75.598,28.936,16.589,178.884,0.829,96135,96135,1.744,0.573,0.941
235,1 pat p30 7 day ctrl 10x 3_colony_252.tiff,199,54.184,19.209,13.191,165.389,0.852,50745,50745,1.456,0.687,0.909
236,1 pat p30 7 day ctrl 10x 3_colony_253.tiff,260,63.255,22.551,14.680,153.151,0.817,66300,66300,1.536,0.651,0.908
237,1 pat p30 7 day ctrl 10x 3_colony_254.tiff,307,69.255,27.436,14.247,25.963,0.804,78285,78285,1.926,0.519,0.932
238,1 pat p30 7 day ctrl 10x 3_colony_255.tiff,366,71.012,24.745,18.833,112.306,0.912,93330,93330,1.314,0.761,0.947
239,1 pat p30 7 day ctrl 10x 3_colony_256.tiff,484,84.083,29.757,20.710,18.435,0.860,123420,123420,1.437,0.696,0.938
240,1 pat p30 7 day ctrl 10x 4_colony_257.tiff,318,68.083,24.940,16.235,142.213,0.862,81090,81090,1.536,0.651,0.930
241,1 pat p30 7 day ctrl 10x 4_colony_258.tiff,256,58.184,18.615,17.510,170.729,0.950,65280,65280,1.063,0.941,0.939
242,1 pat p30 7 day ctrl 10x 4_colony_259.tiff,722,101.640,35.735,25.725,30.409,0.878,184110,184110,1.389,0.720,0.944
243,1 pat p30 7 day ctrl 10x 4_colony_260.tiff,354,73.255,25.510,17.669,48.872,0.829,90270,90270,1.444,0.693,0.915
244,1 pat p30 7 day ctrl 10x 4_colony_261.tiff,298,63.255,21.663,17.515,63.749,0.936,75990,75990,1.237,0.809,0.942
245,1 pat p30 7 day ctrl 10x 4_colony_262.tiff,423,76.669,26.400,20.401,45.200,0.904,107865,107865,1.294,0.773,0.944
246,1 pat p30 7 day ctrl 10x 4_colony_265.tiff,266,59.598,21.262,15.929,141.436,0.941,67830,67830,1.335,0.749,0.947
247,1 pat p30 7 day ctrl 10x 4_colony_267.tiff,383,77.012,28.677,17.005,114.318,0.812,97665,97665,1.686,0.593,0.922
248,1 pat p30 7 day ctrl 10x 4_colony_268.tiff,325,69.012,23.294,17.764,92.216,0.858,82875,82875,1.311,0.763,0.930
249,1 pat p30 7 day ctrl 10x 4_colony_270.tiff,307,63.598,21.992,17.774,32.637,0.954,78285,78285,1.237,0.808,0.950
250,1 pat p30 7 day ctrl 10x 4_colony_272.tiff,342,67.841,22.490,19.362,70.196,0.934,87210,87210,1.162,0.861,0.947
251,1 pat p30 7 day ctrl 10x 4_colony_273.tiff,288,65.012,24.461,14.991,49.519,0.856,73440,73440,1.632,0.613,0.935
252,1 pat p30 7 day ctrl 10x 4_colony_274.tiff,222,54.770,19.523,14.478,41.306,0.930,56610,56610,1.348,0.742,0.935
253,1 pat p30 7 day ctrl 10x 4_colony_275.tiff,384,77.740,29.748,16.436,55.915,0.798,97920,97920,1.810,0.552,0.925
254,1 pat p30 7 day ctrl 10x 4_colony_276.tiff,258,60.770,22.700,14.471,98.540,0.878,65790,65790,1.569,0.637,0.935
255,1 pat p30 7 day ctrl 10x 4_colony_277.tiff,229,56.184,18.937,15.397,47.259,0.912,58395,58395,1.230,0.813,0.933
256,1 pat p30 7 day ctrl 10x 4_colony_278.tiff,241,56.527,19.865,15.447,161.587,0.948,61455,61455,1.286,0.778,0.947
257,1 pat p30 7 day ctrl 10x 4_colony_279.tiff,330,67.012,23.972,17.528,152.697,0.923,84150,84150,1.368,0.731,0.948
258,1 pat p30 7 day ctrl 10x 4_colony_280.tiff,453,80.770,28.635,20.142,79.677,0.873,115515,115515,1.422,0.703,0.955
259,1 pat p30 7 day ctrl 10x 4_colony_281.tiff,288,63.012,21.948,16.708,59.442,0.911,73440,73440,1.314,0.761,0.937
260,1 pat p30 7 day ctrl 10x 4_colony_282.tiff,203,52.527,18.124,14.261,178.779,0.925,51765,51765,1.271,0.787,0.929
261,1 pat p30 7 day ctrl 10x 4_colony_283.tiff,327,69.841,26.330,15.813,51.578,0.842,83385,83385,1.665,0.601,0.929
262,1 pat p30 7 day ctrl 10x 4_colony_284.tiff,391,73.841,25.540,19.493,113.503,0.901,99705,99705,1.310,0.763,0.949
263,1 pat p30 7 day ctrl 10x 4_colony_285.tiff,277,61.598,21.976,16.049,39.210,0.917,70635,70635,1.369,0.730,0.942
264,1 pat p30 7 day ctrl 10x 4_colony_286.tiff,366,71.497,25.776,18.079,142.312,0.900,93330,93330,1.426,0.701,0.941
265,1 pat p30 7 day ctrl 10x 4_colony_287.tiff,241,57.355,19.731,15.552,110.160,0.921,61455,61455,1.269,0.788,0.938
266,1 pat p30 7 day ctrl 10x 4_colony_288.tiff,293,64.426,22.056,16.914,100.866,0.887,74715,74715,1.304,0.767,0.926
267,1 pat p30 7 day ctrl 10x 4_colony_289.tiff,227,55.012,18.855,15.329,124.870,0.943,57885,57885,1.230,0.813,0.934
268,1 pat p30 7 day ctrl 10x 4_colony_290.tiff,424,80.669,29.779,18.129,151.191,0.819,108120,108120,1.643,0.609,0.930
269,1 pat p30 7 day ctrl 10x 4_colony_291.tiff,200,51.598,17.218,14.790,152.799,0.944,51000,51000,1.164,0.859,0.926
270,1 pat p30 7 day ctrl 10x 4_colony_292.tiff,305,65.012,23.101,16.810,102.451,0.907,77775,77775,1.374,0.728,0.941
271,1 pat p30 7 day ctrl 10x 4_colony_293.tiff,654,97.882,32.783,25.400,134.665,0.858,166770,166770,1.291,0.775,0.944
272,1 pat p30 7 day ctrl 10x 4_colony_294.tiff,340,76.083,27.395,15.802,73.251,0.738,86700,86700,1.734,0.577,0.883
273,1 pat p30 7 day ctrl 10x 4_colony_294.tiff,1,2.828,1.128,1.128,0.000,1.000,255,255,1.000,1.000,1.000
274,1 pat p30 7 day ctrl 10x 4_colony_295.tiff,353,72.770,25.974,17.304,87.005,0.838,90015,90015,1.501,0.666,0.930
275,1 pat p30 7 day ctrl 10x 4_colony_296.tiff,524,85.255,28.707,23.241,149.122,0.906,133620,133620,1.235,0.810,0.952
276,1 pat p30 7 day ctrl 10x 4_colony_297.tiff,228,55.113,18.915,15.348,117.613,0.943,58140,58140,1.232,0.811,0.944
277,1 pat p30 7 day ctrl 10x 4_colony_298.tiff,355,71.841,25.158,17.966,25.540,0.864,90525,90525,1.400,0.714,0.934
278,1 pat p30 7 day ctrl 10x 4_colony_299.tiff,331,69.497,24.837,16.968,145.067,0.861,84405,84405,1.464,0.683,0.923
279,1 pat p30 7 day ctrl 10x 4_colony_300.tiff,442,77.841,27.885,20.182,2.544,0.917,112710,112710,1.382,0.724,0.955
280,1 pat p30 7 day ctrl 10x 4_colony_301.tiff,409,76.326,26.395,19.729,9.026,0.882,104295,104295,1.338,0.747,0.937
281,1 pat p30 7 day ctrl 10x 4_colony_302.tiff,285,63.012,21.877,16.587,46.851,0.902,72675,72675,1.319,0.758,0.930
282,1 pat p30 7 day ctrl 10x 4_colony_303.tiff,354,72.326,24.770,18.196,31.385,0.850,90270,90270,1.361,0.735,0.916
283,1 pat p30 7 day ctrl 10x 4_colony_304.tiff,351,71.012,25.675,17.407,116.017,0.875,89505,89505,1.475,0.678,0.939
284,1 pat p30 7 day ctrl 10x 4_colony_306.tiff,228,57.941,18.759,15.475,84.356,0.853,58140,58140,1.212,0.825,0.898
285,1 pat p30 7 day ctrl 10x 4_colony_307.tiff,576,90.912,30.425,24.104,29.241,0.876,146880,146880,1.262,0.792,0.943
286,1 pat p30 7 day ctrl 10x 4_colony_308.tiff,479,84.184,32.025,19.044,5.235,0.849,122145,122145,1.682,0.595,0.951
287,1 pat p30 7 day ctrl 10x 4_colony_309.tiff,210,55.355,21.758,12.289,159.470,0.861,53550,53550,1.770,0.565,0.935
288,1 pat p30 7 day ctrl 10x 4_colony_310.tiff,327,67.255,24.072,17.296,38.322,0.908,83385,83385,1.392,0.719,0.933
289,1 pat p30 7 day ctrl 10x 4_colony_311.tiff,252,57.941,20.438,15.699,103.948,0.943,64260,64260,1.302,0.768,0.949
290,1 pat p30 7 day ctrl 10x 4_colony_312.tiff,527,88.326,30.790,21.793,4.247,0.849,134385,134385,1.413,0.708,0.943
291,1 pat p30 7 day ctrl 10x 4_colony_313.tiff,306,64.426,21.407,18.200,121.175,0.926,78030,78030,1.176,0.850,0.943
292,1 pat p30 7 day ctrl 10x 4_colony_314.tiff,195,52.770,18.547,13.386,147.234,0.880,49725,49725,1.386,0.722,0.911
293,1 pat p30 7 day ctrl 10x 4_colony_315.tiff,261,62.184,23.515,14.132,124.326,0.848,66555,66555,1.664,0.601,0.932
294,1 pat p30 7 day ctrl 10x 4_colony_317.tiff,259,63.255,23.572,13.990,156.594,0.813,66045,66045,1.685,0.593,0.906
295,1 pat p30 7 day ctrl 10x 4_colony_318.tiff,238,58.184,19.446,15.583,27.287,0.883,60690,60690,1.248,0.801,0.924
296,1 pat p30 7 day ctrl 10x 4_colony_319.tiff,175,51.698,19.475,11.441,6.404,0.823,44625,44625,1.702,0.587,0.919
297,1 pat p30 7 day ctrl 10x 4_colony_320.tiff,372,71.497,24.192,19.579,129.747,0.914,94860,94860,1.236,0.809,0.944
298,1 pat p30 7 day ctrl 10x 4_colony_321.tiff,328,67.012,21.903,19.067,178.381,0.918,83640,83640,1.149,0.871,0.941
299,1 pat p30 7 day ctrl 10x 4_colony_322.tiff,265,59.941,20.943,16.111,126.580,0.927,67575,67575,1.300,0.769,0.945
300,1 pat p30 7 day ctrl 10x 4_colony_323.tiff,247,58.184,20.368,15.440,119.225,0.917,62985,62985,1.319,0.758,0.929
301,1 pat p30 7 day ctrl 10x 4_colony_324.tiff,586,91.154,32.102,23.242,121.829,0.886,149430,149430,1.381,0.724,0.949
302,1 pat p30 7 day ctrl 10x 4_colony_325.tiff,285,62.184,20.243,17.926,38.669,0.926,72675,72675,1.129,0.886,0.938
303,1 pat p30 7 day ctrl 10x 4_colony_326.tiff,234,55.941,18.699,15.933,119.650,0.940,59670,59670,1.174,0.852,0.938
304,1 pat p30 7 day ctrl 10x 4_colony_327.tiff,472,87.740,31.626,19.002,109.249,0.770,120360,120360,1.664,0.601,0.917
305,1 pat p30 7 day ctrl 10x 4_colony_328.tiff,339,73.497,23.844,18.102,76.867,0.789,86445,86445,1.317,0.759,0.892
306,1 pat p30 7 day ctrl 10x 4_colony_329.tiff,299,64.770,22.507,16.915,11.721,0.896,76245,76245,1.331,0.752,0.940
307,1 pat p30 7 day ctrl 10x 4_colony_330.tiff,289,66.083,24.550,14.989,58.798,0.832,73695,73695,1.638,0.611,0.916
308,1 pat p30 7 day ctrl 10x 4_colony_331.tiff,388,74.669,27.066,18.252,152.434,0.875,98940,98940,1.483,0.674,0.934
309,1 pat p30 7 day ctrl 10x 4_colony_332.tiff,451,79.012,27.687,20.740,159.847,0.908,115005,115005,1.335,0.749,0.958
310,1 pat p30 7 day ctrl 10x 4_colony_333.tiff,253,59.598,19.928,16.165,113.870,0.895,64515,64515,1.233,0.811,0.917
311,1 pat p30 7 day ctrl 10x 4_colony_335.tiff,222,54.527,18.208,15.524,77.522,0.938,56610,56610,1.173,0.853,0.941
312,1 pat p30 7 day ctrl 10x 4_colony_336.tiff,259,59.598,19.734,16.710,48.087,0.916,66045,66045,1.181,0.847,0.927
313,1 pat p30 7 day ctrl 10x 4_colony_337.tiff,371,71.255,24.292,19.445,44.765,0.918,94605,94605,1.249,0.800,0.943
314,1 pat p30 7 day ctrl 10x 4_colony_338.tiff,659,94.912,31.918,26.288,179.241,0.919,168045,168045,1.214,0.824,0.960
315,1 pat p30 7 day ctrl 10x 4_colony_339.tiff,171,49.698,18.895,11.523,163.601,0.870,43605,43605,1.640,0.610,0.937
316,1 pat p30 7 day ctrl 10x 4_colony_340.tiff,243,61.497,21.020,14.719,43.476,0.807,61965,61965,1.428,0.700,0.903
317,1 pat p30 7 day ctrl 10x 4_colony_341.tiff,217,56.184,19.027,14.521,128.029,0.864,55335,55335,1.310,0.763,0.908
318,1 pat p30 7 day ctrl 10x 4_colony_342.tiff,302,67.497,23.979,16.035,133.718,0.833,77010,77010,1.495,0.669,0.914
319,1 pat p30 7 day ctrl 10x 4_colony_343.tiff,242,57.598,20.068,15.354,117.241,0.917,61710,61710,1.307,0.765,0.931
320,1 pat p30 7 day ctrl 10x 4_colony_344.tiff,353,70.669,25.341,17.736,68.916,0.888,90015,90015,1.429,0.700,0.940
321,1 pat p30 7 day ctrl 10x 4_colony_345.tiff,234,58.870,19.908,14.966,101.121,0.848,59670,59670,1.330,0.752,0.927
322,1 pat p30 7 day ctrl 10x 4_colony_346.tiff,241,56.527,19.071,16.090,52.468,0.948,61455,61455,1.185,0.844,0.943
