 ,Label,Area,Perim.,Circ.,IntDen,RawIntDen,AR,Round,Solidity,target
1,colony_1.tiff,2047,171.681,0.873,521985,521985,1.408,0.71,0.97,1
2,colony_10.tiff,2642,196.652,0.859,673710,673710,1.401,0.714,0.97,1
3,colony_100.tiff,1520,144.61,0.913,387600,387600,1.197,0.836,0.969,1
4,colony_1000.tiff,2136,175.48,0.872,544680,544680,1.188,0.842,0.949,1
5,colony_1001.tiff,1585,177.095,0.635,404175,404175,1.21,0.826,0.851,1
6,colony_1002.tiff,1644,160.51,0.802,419220,419220,1.591,0.629,0.95,1
7,colony_1003.tiff,2093,185.439,0.765,533715,533715,1.323,0.756,0.863,1
8,colony_1004.tiff,2835,203.723,0.858,722925,722925,1.21,0.826,0.955,1
9,colony_1005.tiff,2207,177.823,0.877,562785,562785,1.327,0.754,0.97,1
10,colony_1006.tiff,1917,174.125,0.795,488835,488835,1.841,0.543,0.967,1
11,colony_1007.tiff,1721,161.581,0.828,438855,438855,1.282,0.78,0.947,1
12,colony_1008.tiff,1638,158.267,0.822,417690,417690,1.519,0.658,0.942,1
13,colony_1009.tiff,1682,172.853,0.707,428910,428910,1.511,0.662,0.885,1
14,colony_101.tiff,2261,180.995,0.867,576555,576555,1.372,0.729,0.968,1
15,colony_1010.tiff,960,140.953,0.607,244800,244800,1.538,0.65,0.841,1
16,colony_1011.tiff,1795,167.782,0.801,457725,457725,1.688,0.592,0.959,1
17,colony_1012.tiff,1581,227.522,0.384,403155,403155,1.319,0.758,0.839,1
18,colony_1013.tiff,2401,211.238,0.676,612255,612255,1.637,0.611,0.877,1
19,colony_1014.tiff,1805,164.995,0.833,460275,460275,1.215,0.823,0.948,1
20,colony_1015.tiff,1694,159.196,0.84,431970,431970,1.412,0.708,0.95,1
21,colony_1016.tiff,2134,195.924,0.699,544170,544170,2.083,0.48,0.918,1
22,colony_1017.tiff,1389,173.581,0.579,354195,354195,3.017,0.331,0.917,1
23,colony_1018.tiff,1405,142.368,0.871,358275,358275,1.234,0.81,0.933,1
24,colony_1019.tiff,2501,198.752,0.796,637755,637755,1.338,0.747,0.899,1
25,colony_102.tiff,1582,176.368,0.639,403410,403410,2.774,0.361,0.941,1
26,colony_1020.tiff,1873,168.167,0.832,477615,477615,1.463,0.683,0.944,1
27,colony_1021.tiff,2839,203.137,0.865,723945,723945,1.419,0.705,0.973,1
28,colony_1022.tiff,1359,168.652,0.6,346545,346545,1.725,0.58,0.85,1
29,colony_1023.tiff,1892,166.267,0.86,482460,482460,1.501,0.666,0.969,1
30,colony_1024.tiff,1885,169.823,0.821,480675,480675,1.46,0.685,0.92,1
31,colony_1025.tiff,1854,162.853,0.878,472770,472770,1.335,0.749,0.97,1
32,colony_1026.tiff,954,129.054,0.72,243270,243270,1.969,0.508,0.927,1
33,colony_1027.tiff,2176,180.267,0.841,554880,554880,1.373,0.728,0.962,1
35,colony_1029.tiff,2106,174.752,0.867,537030,537030,1.363,0.734,0.961,1
36,colony_103.tiff,2238,178.066,0.887,570690,570690,1.226,0.816,0.969,1
37,colony_1030.tiff,1740,155.924,0.899,443700,443700,1.285,0.778,0.972,1
38,colony_1031.tiff,1600,154.024,0.848,408000,408000,1.498,0.668,0.966,1
39,colony_1032.tiff,1520,161.782,0.73,387600,387600,1.45,0.69,0.827,1
43,colony_1036.tiff,1492,146.61,0.872,380460,380460,1.243,0.804,0.943,1
44,colony_1037.tiff,2136,175.48,0.872,544680,544680,1.188,0.842,0.949,1
45,colony_1038.tiff,1585,177.095,0.635,404175,404175,1.21,0.826,0.851,1
46,colony_1039.tiff,2658,248.492,0.541,677790,677790,2.713,0.369,0.884,1
47,colony_104.tiff,1702,152.368,0.921,434010,434010,1.115,0.897,0.975,1
48,colony_1040.tiff,1644,160.51,0.802,419220,419220,1.591,0.629,0.95,1
49,colony_1041.tiff,1995,170.267,0.865,508725,508725,1.422,0.703,0.97,1
50,colony_1042.tiff,2835,203.723,0.858,722925,722925,1.21,0.826,0.955,1
51,colony_1043.tiff,2207,177.823,0.877,562785,562785,1.327,0.754,0.97,1
52,colony_1044.tiff,1721,161.581,0.828,438855,438855,1.282,0.78,0.947,1
53,colony_1045.tiff,1638,158.267,0.822,417690,417690,1.519,0.658,0.942,1
54,colony_1046.tiff,1682,172.853,0.707,428910,428910,1.511,0.662,0.885,1
55,colony_1047.tiff,960,140.953,0.607,244800,244800,1.538,0.65,0.841,1
56,colony_1048.tiff,1795,167.782,0.801,457725,457725,1.688,0.592,0.959,1
57,colony_1049.tiff,1581,227.522,0.384,403155,403155,1.319,0.758,0.839,1
58,colony_105.tiff,1867,164.267,0.869,476085,476085,1.18,0.848,0.964,1
59,colony_1050.tiff,2100,196.167,0.686,535500,535500,2.238,0.447,0.939,1
60,colony_1051.tiff,2401,211.238,0.676,612255,612255,1.637,0.611,0.877,1
61,colony_1052.tiff,1805,164.995,0.833,460275,460275,1.215,0.823,0.948,1
62,colony_1053.tiff,1877,164.267,0.874,478635,478635,1.29,0.775,0.961,1
63,colony_1054.tiff,2134,195.924,0.699,544170,544170,2.083,0.48,0.918,1
64,colony_1055.tiff,1405,142.368,0.871,358275,358275,1.234,0.81,0.933,1
65,colony_1056.tiff,2501,198.752,0.796,637755,637755,1.338,0.747,0.899,1
66,colony_1057.tiff,1873,168.167,0.832,477615,477615,1.463,0.683,0.944,1
67,colony_1058.tiff,2839,203.137,0.865,723945,723945,1.419,0.705,0.973,1
68,colony_1059.tiff,1359,168.652,0.6,346545,346545,1.725,0.58,0.85,1
69,colony_106.tiff,3071,222.693,0.778,783105,783105,1.566,0.638,0.95,1
70,colony_1060.tiff,1892,166.267,0.86,482460,482460,1.501,0.666,0.969,1
71,colony_1061.tiff,2671,226.752,0.653,681105,681105,2.467,0.405,0.946,1
72,colony_1062.tiff,1885,169.823,0.821,480675,480675,1.46,0.685,0.92,1
73,colony_1063.tiff,1854,162.853,0.878,472770,472770,1.335,0.749,0.97,1
74,colony_1064.tiff,954,129.054,0.72,243270,243270,1.969,0.508,0.927,1
75,colony_1065.tiff,1946,169.338,0.853,496230,496230,1.459,0.685,0.96,1
76,colony_1066.tiff,1740,155.924,0.899,443700,443700,1.285,0.778,0.972,1
77,colony_1067.tiff,1600,154.024,0.848,408000,408000,1.498,0.668,0.966,1
78,colony_1068.tiff,2002,176.309,0.809,510510,510510,1.212,0.825,0.922,1
79,colony_1069.tiff,1981,168.51,0.877,505155,505155,1.174,0.852,0.964,1
80,colony_107.tiff,1953,205.38,0.582,498015,498015,1.335,0.749,0.923,1
81,colony_1070.tiff,1740,191.966,0.593,443700,443700,1.65,0.606,0.907,1
82,colony_1071.tiff,1363,141.439,0.856,347565,347565,1.316,0.76,0.927,1
83,colony_1072.tiff,1961,180.309,0.758,500055,500055,1.741,0.574,0.927,1
84,colony_1073.tiff,2566,219.137,0.671,654330,654330,2.404,0.416,0.946,1
85,colony_1074.tiff,1607,151.924,0.875,409785,409785,1.239,0.807,0.94,1
86,colony_1075.tiff,1878,203.037,0.572,478890,478890,1.354,0.738,0.783,1
87,colony_1076.tiff,2383,193.865,0.797,607665,607665,1.323,0.756,0.943,1
88,colony_1077.tiff,1380,194.208,0.46,351900,351900,1.534,0.652,0.757,1
89,colony_1078.tiff,2313,184.652,0.852,589815,589815,1.425,0.702,0.962,1
90,colony_1079.tiff,792,166.995,0.357,201960,201960,1.783,0.561,0.705,1
91,colony_108.tiff,2143,174.752,0.882,546465,546465,1.304,0.767,0.968,1
92,colony_1080.tiff,1807,164.995,0.834,460785,460785,1.479,0.676,0.957,1
93,colony_1081.tiff,980,149.681,0.55,249900,249900,1.394,0.717,0.855,1
94,colony_1082.tiff,1409,159.439,0.697,359295,359295,1.661,0.602,0.911,1
95,colony_1083.tiff,2973,205.137,0.888,758115,758115,1.101,0.908,0.962,1
96,colony_1084.tiff,1934,167.338,0.868,493170,493170,1.329,0.752,0.964,1
97,colony_1085.tiff,3078,265.078,0.55,784890,784890,1.842,0.543,0.829,1
98,colony_1086.tiff,1148,125.983,0.909,292740,292740,1.213,0.825,0.97,1
99,colony_1087.tiff,1521,146.125,0.895,387855,387855,1.058,0.945,0.965,1
100,colony_1088.tiff,1461,197.865,0.469,372555,372555,1.136,0.88,0.794,1
101,colony_1089.tiff,1774,160.267,0.868,452370,452370,1.371,0.729,0.967,1
102,colony_109.tiff,4799,264.593,0.861,1223745,1223745,1.296,0.771,0.973,1
103,colony_1090.tiff,1689,159.196,0.837,430695,430695,1.425,0.702,0.957,1
104,colony_1091.tiff,1876,188.894,0.661,478380,478380,1.321,0.757,0.841,1
105,colony_1092.tiff,1800,171.681,0.767,459000,459000,1.151,0.869,0.841,1
106,colony_1093.tiff,1981,180.066,0.768,505155,505155,1.7,0.588,0.916,1
107,colony_1094.tiff,1216,141.439,0.764,310080,310080,1.302,0.768,0.853,1
108,colony_1095.tiff,1720,197.723,0.553,438600,438600,3.383,0.296,0.943,1
109,colony_1096.tiff,1737,156.51,0.891,442935,442935,1.17,0.854,0.952,1
110,colony_1097.tiff,2198,188.309,0.779,560490,560490,1.379,0.725,0.871,1
111,colony_1098.tiff,3308,214.794,0.901,843540,843540,1.045,0.957,0.975,1
112,colony_1099.tiff,2015,172.267,0.853,513825,513825,1.29,0.775,0.933,1
113,colony_11.tiff,2569,192.267,0.873,655095,655095,1.397,0.716,0.975,1
114,colony_110.tiff,1774,162.61,0.843,452370,452370,1.446,0.692,0.96,1
115,colony_1100.tiff,1872,165.338,0.861,477360,477360,1.118,0.895,0.943,1
116,colony_1101.tiff,1663,152.024,0.904,424065,424065,1.182,0.846,0.969,1
117,colony_1102.tiff,1897,168.409,0.841,483735,483735,1.501,0.666,0.958,1
118,colony_1103.tiff,1939,177.823,0.771,494445,494445,1.674,0.597,0.95,1
119,colony_1104.tiff,1274,135.196,0.876,324870,324870,1.161,0.861,0.925,1
120,colony_1105.tiff,2071,177.095,0.83,528105,528105,1.293,0.774,0.96,1
121,colony_1106.tiff,3776,254.392,0.733,962880,962880,2.133,0.469,0.967,1
122,colony_1107.tiff,2903,206.894,0.852,740265,740265,1.101,0.908,0.932,1
123,colony_1108.tiff,3587,252.593,0.706,914685,914685,1.583,0.632,0.88,1
124,colony_1109.tiff,1136,127.054,0.884,289680,289680,1.196,0.836,0.963,1
125,colony_111.tiff,1620,171.095,0.695,413100,413100,1.452,0.689,0.897,1
126,colony_1110.tiff,1566,147.539,0.904,399330,399330,1.05,0.952,0.967,1
127,colony_1111.tiff,2178,175.338,0.89,555390,555390,1.269,0.788,0.972,1
128,colony_1112.tiff,1804,159.924,0.886,460020,460020,1.318,0.759,0.968,1
129,colony_1113.tiff,1547,153.782,0.822,394485,394485,1.424,0.702,0.951,1
130,colony_1114.tiff,1685,152.853,0.906,429675,429675,1.125,0.889,0.968,1
131,colony_1115.tiff,1998,173.924,0.83,509490,509490,1.611,0.621,0.965,1
132,colony_1116.tiff,2164,172.51,0.914,551820,551820,1.032,0.969,0.973,1
133,colony_1117.tiff,1914,193.196,0.644,488070,488070,2.644,0.378,0.953,1
134,colony_1118.tiff,2024,182.066,0.767,516120,516120,1.427,0.701,0.952,1
135,colony_1119.tiff,1405,140.953,0.889,358275,358275,1.32,0.757,0.966,1
136,colony_112.tiff,1064,136.125,0.722,271320,271320,1.255,0.797,0.9,1
137,colony_1120.tiff,1696,159.238,0.841,432480,432480,1.396,0.716,0.94,1
138,colony_1121.tiff,1701,165.338,0.782,433755,433755,1.487,0.673,0.929,1
139,colony_1122.tiff,1266,213.179,0.35,322830,322830,1.404,0.712,0.784,1
140,colony_1123.tiff,2032,167.439,0.911,518160,518160,1.291,0.774,0.975,1
141,colony_1124.tiff,2125,176.995,0.852,541875,541875,1.436,0.696,0.957,1
142,colony_1125.tiff,1456,186.309,0.527,371280,371280,1.548,0.646,0.842,1
143,colony_1126.tiff,1668,153.196,0.893,425340,425340,1.262,0.792,0.961,1
144,colony_1127.tiff,2231,184.894,0.82,568905,568905,1.604,0.624,0.964,1
146,colony_1129.tiff,2851,210.551,0.808,727005,727005,1.358,0.737,0.943,1
147,colony_113.tiff,1164,146.51,0.681,296820,296820,1.774,0.564,0.889,1
148,colony_1130.tiff,1708,172.167,0.724,435540,435540,1.179,0.848,0.947,1
149,colony_1131.tiff,1589,156.995,0.81,405195,405195,1.768,0.566,0.963,1
150,colony_1132.tiff,2331,182.167,0.883,594405,594405,1.413,0.708,0.974,1
151,colony_1133.tiff,1664,156.51,0.854,424320,424320,1.516,0.66,0.964,1
152,colony_1134.tiff,1656,155.338,0.862,422280,422280,1.52,0.658,0.964,1
153,colony_1135.tiff,1814,169.095,0.797,462570,462570,1.378,0.726,0.895,1
154,colony_1136.tiff,1709,155.196,0.892,435795,435795,1.167,0.857,0.963,1
155,colony_1137.tiff,1673,159.095,0.831,426615,426615,1.653,0.605,0.964,1
156,colony_1138.tiff,1791,163.823,0.839,456705,456705,1.558,0.642,0.961,1
157,colony_1139.tiff,1340,161.095,0.649,341700,341700,2.384,0.42,0.887,1
158,colony_114.tiff,2036,209.196,0.585,519180,519180,2.903,0.344,0.919,1
159,colony_1140.tiff,1448,179.238,0.566,369240,369240,1.482,0.675,0.816,1
160,colony_1141.tiff,1537,151.782,0.838,391935,391935,1.512,0.661,0.96,1
161,colony_1142.tiff,2013,170.995,0.865,513315,513315,1.394,0.717,0.963,1
162,colony_1143.tiff,1901,177.196,0.761,484755,484755,1.938,0.516,0.952,1
163,colony_1144.tiff,2245,191.823,0.767,572475,572475,1.599,0.626,0.937,1
164,colony_1145.tiff,1894,165.581,0.868,482970,482970,1.427,0.701,0.967,1
165,colony_1146.tiff,1692,161.681,0.813,431460,431460,1.478,0.677,0.91,1
166,colony_1147.tiff,1516,150.368,0.843,386580,386580,1.463,0.683,0.948,1
167,colony_1148.tiff,2189,175.681,0.891,558195,558195,1.117,0.895,0.967,1
168,colony_1149.tiff,1884,166.61,0.853,480420,480420,1.356,0.737,0.959,1
169,colony_115.tiff,1451,146.024,0.855,370005,370005,1.343,0.745,0.964,1
170,colony_1150.tiff,2570,217.338,0.684,655350,655350,2.474,0.404,0.967,1
171,colony_1151.tiff,1493,149.095,0.844,380715,380715,1.333,0.75,0.948,1
172,colony_1152.tiff,1406,143.924,0.853,358530,358530,1.554,0.644,0.961,1
173,colony_1153.tiff,2050,171.095,0.88,522750,522750,1.245,0.803,0.964,1
174,colony_1154.tiff,1935,171.823,0.824,493425,493425,1.618,0.618,0.958,1
175,colony_1155.tiff,1935,171.823,0.824,493425,493425,1.643,0.609,0.958,1
176,colony_1156.tiff,1817,159.095,0.902,463335,463335,1.287,0.777,0.972,1
177,colony_1157.tiff,2190,177.338,0.875,558450,558450,1.09,0.918,0.963,1
178,colony_1158.tiff,1614,152.024,0.878,411570,411570,1.246,0.802,0.965,1
179,colony_1159.tiff,2105,173.581,0.878,536775,536775,1.167,0.857,0.964,1
180,colony_116.tiff,1750,167.338,0.785,446250,446250,1.395,0.717,0.945,1
181,colony_1160.tiff,1955,166.51,0.886,498525,498525,1.288,0.776,0.97,1
182,colony_1161.tiff,2712,230.794,0.64,691560,691560,2.526,0.396,0.949,1
183,colony_1162.tiff,1983,173.48,0.828,505665,505665,1.628,0.614,0.955,1
184,colony_1163.tiff,2340,186.551,0.845,596700,596700,1.525,0.656,0.967,1
185,colony_1164.tiff,1959,171.581,0.836,499545,499545,1.569,0.637,0.957,1
186,colony_1165.tiff,1840,182.894,0.691,469200,469200,1.841,0.543,0.878,1
187,colony_1166.tiff,2259,183.137,0.846,576045,576045,1.361,0.735,0.943,1
188,colony_1167.tiff,1556,168.853,0.686,396780,396780,1.455,0.687,0.786,1
189,colony_1168.tiff,2526,191.823,0.863,644130,644130,1.287,0.777,0.961,1
190,colony_1169.tiff,1689,158.51,0.845,430695,430695,1.565,0.639,0.963,1
191,colony_117.tiff,1530,148.61,0.871,390150,390150,1.457,0.686,0.964,1
192,colony_1170.tiff,2702,208.551,0.781,689010,689010,1.65,0.606,0.938,1
193,colony_1171.tiff,1789,157.439,0.907,456195,456195,1.211,0.826,0.974,1
194,colony_1172.tiff,2273,189.924,0.792,579615,579615,1.83,0.547,0.965,1
195,colony_1173.tiff,2540,193.338,0.854,647700,647700,1.31,0.763,0.954,1
196,colony_1174.tiff,2707,236.936,0.606,690285,690285,1.388,0.721,0.858,1
197,colony_1175.tiff,1863,174.267,0.771,475065,475065,1.407,0.711,0.92,1
198,colony_1176.tiff,2326,189.823,0.811,593130,593130,1.373,0.728,0.946,1
199,colony_1177.tiff,2513,200.652,0.784,640815,640815,1.177,0.849,0.935,1
200,colony_1178.tiff,2045,173.581,0.853,521475,521475,1.435,0.697,0.955,1
201,colony_1179.tiff,2702,209.137,0.776,689010,689010,1.159,0.863,0.905,1
202,colony_118.tiff,2294,181.581,0.874,584970,584970,1.268,0.789,0.964,1
203,colony_1180.tiff,2282,183.238,0.854,581910,581910,1.342,0.745,0.967,1
204,colony_1181.tiff,2272,199.823,0.715,579360,579360,1.704,0.587,0.878,1
205,colony_1182.tiff,1362,138.125,0.897,347310,347310,1.29,0.775,0.964,1
206,colony_1183.tiff,2486,188.51,0.879,633930,633930,1.348,0.742,0.974,1
207,colony_1184.tiff,3959,253.137,0.776,1009545,1009545,1.867,0.536,0.974,1
208,colony_1185.tiff,1956,168.51,0.866,498780,498780,1.392,0.718,0.966,1
209,colony_1186.tiff,1354,150.61,0.75,345270,345270,1.669,0.599,0.902,1
210,colony_1187.tiff,2438,195.48,0.802,621690,621690,1.478,0.676,0.938,1
211,colony_1188.tiff,2214,180.995,0.849,564570,564570,1.305,0.766,0.93,1
212,colony_1189.tiff,1546,150.61,0.856,394230,394230,1.391,0.719,0.951,1
213,colony_119.tiff,1895,185.723,0.69,483225,483225,1.505,0.664,0.826,1
214,colony_1190.tiff,2567,190.995,0.884,654585,654585,1.328,0.753,0.974,1
215,colony_1191.tiff,2025,181.723,0.771,516375,516375,1.252,0.799,0.932,1
216,colony_1192.tiff,1298,163.581,0.61,330990,330990,1.553,0.644,0.822,1
217,colony_1193.tiff,1950,164.61,0.904,497250,497250,1.076,0.93,0.969,1
218,colony_1194.tiff,2112,178.309,0.835,538560,538560,1.531,0.653,0.963,1
219,colony_1195.tiff,2123,180.61,0.818,541365,541365,1.773,0.564,0.97,1
220,colony_1196.tiff,3831,247.321,0.787,976905,976905,1.384,0.723,0.936,1
221,colony_1197.tiff,1584,150.853,0.875,403920,403920,1.039,0.963,0.956,1
222,colony_1198.tiff,2521,191.238,0.866,642855,642855,1.247,0.802,0.949,1
223,colony_1199.tiff,2021,169.681,0.882,515355,515355,1.206,0.829,0.966,1
224,colony_12.tiff,2301,180.995,0.883,586755,586755,1.251,0.799,0.969,1
225,colony_120.tiff,1437,144.368,0.866,366435,366435,1.164,0.859,0.96,1
226,colony_1200.tiff,2212,176.894,0.888,564060,564060,1.283,0.78,0.968,1
227,colony_1201.tiff,1957,172.51,0.826,499035,499035,1.603,0.624,0.967,1
228,colony_1202.tiff,1901,166.752,0.859,484755,484755,1.369,0.731,0.962,1
229,colony_1203.tiff,1879,166.995,0.847,479145,479145,1.502,0.666,0.964,1
230,colony_1204.tiff,1792,159.439,0.886,456960,456960,1.188,0.842,0.966,1
231,colony_1205.tiff,1387,147.095,0.806,353685,353685,1.225,0.816,0.95,1
232,colony_1206.tiff,2518,192.066,0.858,642090,642090,1.452,0.689,0.97,1
233,colony_1207.tiff,1304,139.196,0.846,332520,332520,1.184,0.845,0.941,1
234,colony_1208.tiff,2485,188.167,0.882,633675,633675,1.203,0.831,0.97,1
235,colony_1209.tiff,1403,182.267,0.531,357765,357765,1.576,0.634,0.875,1
236,colony_121.tiff,2161,194.167,0.72,551055,551055,1.363,0.734,0.917,1
237,colony_1210.tiff,2173,178.995,0.852,554115,554115,1.197,0.835,0.958,1
238,colony_1211.tiff,2481,187.581,0.886,632655,632655,1.316,0.76,0.973,1
239,colony_1212.tiff,1651,164.995,0.762,421005,421005,1.948,0.513,0.956,1
240,colony_1213.tiff,1906,166.368,0.865,486030,486030,1.454,0.688,0.971,1
241,colony_1214.tiff,1791,161.539,0.862,456705,456705,1.368,0.731,0.967,1
242,colony_1215.tiff,2170,177.723,0.863,553350,553350,1.358,0.737,0.964,1
243,colony_1216.tiff,2087,179.681,0.812,532185,532185,1.606,0.623,0.956,1
244,colony_1217.tiff,3002,243.723,0.635,765510,765510,2.425,0.412,0.939,1
245,colony_1218.tiff,1569,175.782,0.638,400095,400095,1.896,0.527,0.93,1
246,colony_1219.tiff,2246,185.581,0.82,572730,572730,1.496,0.669,0.953,1
247,colony_122.tiff,1349,136.953,0.904,343995,343995,1.12,0.893,0.964,1
248,colony_1220.tiff,2073,184.267,0.767,528615,528615,1.879,0.532,0.953,1
249,colony_1221.tiff,2818,202.551,0.863,718590,718590,1.293,0.773,0.966,1
250,colony_1222.tiff,1818,173.823,0.756,463590,463590,1.205,0.83,0.913,1
251,colony_1223.tiff,4305,251.563,0.855,1097775,1097775,1.423,0.703,0.975,1
252,colony_1224.tiff,1923,167.338,0.863,490365,490365,1.453,0.688,0.969,1
255,colony_1226.tiff,1968,164.995,0.908,501840,501840,1.138,0.879,0.969,1
256,colony_1227.tiff,1862,164.752,0.862,474810,474810,1.41,0.709,0.968,1
257,colony_1228.tiff,4356,255.563,0.838,1110780,1110780,1.632,0.613,0.975,1
258,colony_1229.tiff,2455,194.208,0.818,626025,626025,1.554,0.644,0.96,1
259,colony_123.tiff,2386,193.095,0.804,608430,608430,1.462,0.684,0.943,1
260,colony_1230.tiff,2213,176.652,0.891,564315,564315,1.357,0.737,0.971,1
261,colony_1231.tiff,2356,183.823,0.876,600780,600780,1.258,0.795,0.963,1
262,colony_1232.tiff,2389,187.238,0.856,609195,609195,1.419,0.705,0.968,1
263,colony_1233.tiff,1757,158.167,0.883,448035,448035,1.201,0.833,0.963,1
264,colony_1234.tiff,2212,179.338,0.864,564060,564060,1.339,0.747,0.966,1
265,colony_1235.tiff,2247,180.066,0.871,572985,572985,1.142,0.876,0.96,1
266,colony_1236.tiff,2228,184.894,0.819,568140,568140,1.657,0.603,0.961,1
267,colony_1237.tiff,1715,156.853,0.876,437325,437325,1.365,0.732,0.968,1
268,colony_1238.tiff,2100,176.752,0.845,535500,535500,1.156,0.865,0.954,1
269,colony_1239.tiff,1880,181.882,0.714,479400,479400,2.345,0.426,0.968,1
270,colony_124.tiff,1473,148.125,0.844,375615,375615,1.231,0.812,0.954,1
271,colony_1240.tiff,2427,205.581,0.722,618885,618885,1.995,0.501,0.941,1
272,colony_1241.tiff,2097,170.995,0.901,534735,534735,1.179,0.848,0.971,1
273,colony_1242.tiff,1683,153.196,0.901,429165,429165,1.07,0.935,0.966,1
274,colony_1243.tiff,1716,156.995,0.875,437580,437580,1.406,0.711,0.964,1
275,colony_1244.tiff,1367,144.953,0.818,348585,348585,1.598,0.626,0.948,1
276,colony_1245.tiff,1444,146.368,0.847,368220,368220,1.19,0.84,0.947,1
277,colony_1246.tiff,1906,173.439,0.796,486030,486030,1.737,0.576,0.94,1
278,colony_1247.tiff,1563,149.681,0.877,398565,398565,1.116,0.896,0.957,1
279,colony_1248.tiff,3054,211.137,0.861,778770,778770,1.393,0.718,0.968,1
280,colony_1249.tiff,2161,180.995,0.829,551055,551055,1.385,0.722,0.957,1
281,colony_125.tiff,1825,162.167,0.872,465375,465375,1.246,0.803,0.956,1
282,colony_1250.tiff,3566,253.037,0.7,909330,909330,1.969,0.508,0.928,1
283,colony_1251.tiff,2346,195.48,0.771,598230,598230,1.805,0.554,0.956,1
284,colony_1252.tiff,1629,154.024,0.863,415395,415395,1.335,0.749,0.96,1
285,colony_1253.tiff,2091,175.137,0.857,533205,533205,1.475,0.678,0.968,1
286,colony_1254.tiff,2669,198.51,0.851,680595,680595,1.465,0.682,0.974,1
287,colony_1255.tiff,2234,180.167,0.865,569670,569670,1.38,0.725,0.969,1
288,colony_1256.tiff,2721,199.238,0.861,693855,693855,1.371,0.73,0.971,1
289,colony_1257.tiff,2059,178.167,0.815,525045,525045,1.587,0.63,0.952,1
290,colony_1258.tiff,1967,171.823,0.837,501585,501585,1.646,0.607,0.967,1
291,colony_1259.tiff,2436,188.167,0.865,621180,621180,1.366,0.732,0.967,1
292,colony_126.tiff,2508,192.894,0.847,639540,639540,1.49,0.671,0.97,1
293,colony_1260.tiff,1568,152.61,0.846,399840,399840,1.394,0.717,0.96,1
294,colony_1261.tiff,1992,182.61,0.751,507960,507960,2.115,0.473,0.969,1
295,colony_1262.tiff,2510,186.752,0.904,640050,640050,1.301,0.768,0.974,1
296,colony_1263.tiff,2313,189.723,0.808,589815,589815,1.679,0.596,0.963,1
297,colony_1264.tiff,2005,167.924,0.894,511275,511275,1.161,0.861,0.967,1
298,colony_1265.tiff,1542,159.338,0.763,393210,393210,1.213,0.824,0.912,1
299,colony_1266.tiff,2479,191.137,0.853,632145,632145,1.434,0.697,0.97,1
300,colony_1267.tiff,2240,181.095,0.858,571200,571200,1.405,0.712,0.97,1
301,colony_1268.tiff,2095,174.167,0.868,534225,534225,1.285,0.778,0.966,1
302,colony_1269.tiff,2834,203.137,0.863,722670,722670,1.068,0.937,0.963,1
303,colony_127.tiff,1830,162.267,0.873,466650,466650,1.425,0.702,0.969,1
304,colony_1270.tiff,2286,179.823,0.888,582930,582930,1.247,0.802,0.966,1
305,colony_1271.tiff,1980,166.267,0.9,504900,504900,1.109,0.902,0.971,1
306,colony_1272.tiff,1550,167.095,0.698,395250,395250,2.336,0.428,0.954,1
307,colony_1273.tiff,2685,209.966,0.765,684675,684675,1.805,0.554,0.943,1
308,colony_1274.tiff,2191,176.409,0.885,558705,558705,1.334,0.749,0.965,1
309,colony_1275.tiff,2436,192.066,0.83,621180,621180,1.576,0.634,0.968,1
310,colony_1276.tiff,2238,178.267,0.885,570690,570690,1.25,0.8,0.965,1
311,colony_1277.tiff,1984,170.167,0.861,505920,505920,1.332,0.751,0.963,1
312,colony_1278.tiff,1452,151.338,0.797,370260,370260,1.541,0.649,0.937,1
313,colony_1279.tiff,2101,173.924,0.873,535755,535755,1.233,0.811,0.961,1
314,colony_128.tiff,2406,183.823,0.895,613530,613530,1.296,0.771,0.973,1
315,colony_1280.tiff,1830,172.167,0.776,466650,466650,1.738,0.575,0.928,1
316,colony_1281.tiff,1984,172.167,0.841,505920,505920,1.433,0.698,0.968,1
317,colony_1282.tiff,1332,134.953,0.919,339660,339660,1.022,0.979,0.966,1
318,colony_1283.tiff,3177,289.179,0.477,810135,810135,2.504,0.399,0.858,1
319,colony_1284.tiff,1893,173.48,0.79,482715,482715,1.704,0.587,0.934,1
320,colony_1285.tiff,1616,153.439,0.863,412080,412080,1.304,0.767,0.959,1
321,colony_1286.tiff,1462,145.782,0.864,372810,372810,1.378,0.726,0.965,1
322,colony_1287.tiff,2158,177.48,0.861,550290,550290,1.523,0.656,0.968,1
323,colony_1288.tiff,2011,168.853,0.886,512805,512805,1.353,0.739,0.971,1
324,colony_1289.tiff,2171,179.48,0.847,553605,553605,1.517,0.659,0.966,1
325,colony_129.tiff,2195,188.894,0.773,559725,559725,1.824,0.548,0.953,1
326,colony_1290.tiff,2644,225.179,0.655,674220,674220,1.708,0.585,0.866,1
327,colony_1291.tiff,2300,183.238,0.861,586500,586500,1.336,0.749,0.967,1
328,colony_1292.tiff,2024,173.439,0.846,516120,516120,1.441,0.694,0.957,1
329,colony_1293.tiff,1903,171.723,0.811,485265,485265,1.586,0.631,0.94,1
330,colony_13.tiff,2132,182.51,0.804,543660,543660,1.264,0.791,0.944,1
331,colony_130.tiff,1593,149.539,0.895,406215,406215,1.227,0.815,0.965,1
332,colony_131.tiff,2142,174.894,0.88,546210,546210,1.29,0.775,0.963,1
333,colony_132.tiff,2359,186.853,0.849,601545,601545,1.491,0.671,0.971,1
334,colony_133.tiff,1948,168.167,0.866,496740,496740,1.336,0.749,0.969,1
335,colony_134.tiff,1887,165.338,0.867,481185,481185,1.456,0.687,0.965,1
336,colony_135.tiff,1972,170.61,0.851,502860,502860,1.561,0.641,0.971,1
337,colony_136.tiff,2052,191.095,0.706,523260,523260,2.328,0.43,0.963,1
338,colony_137.tiff,2161,182.894,0.812,551055,551055,1.555,0.643,0.95,1
339,colony_138.tiff,976,129.64,0.73,248880,248880,1.455,0.687,0.916,1
340,colony_139.tiff,2626,194.167,0.875,669630,669630,1.337,0.748,0.971,1
341,colony_14.tiff,2806,207.137,0.822,715530,715530,1.399,0.715,0.94,1
342,colony_140.tiff,2527,194.267,0.841,644385,644385,1.595,0.627,0.974,1
343,colony_141.tiff,1900,170.61,0.82,484500,484500,1.705,0.586,0.968,1
344,colony_142.tiff,2132,174.066,0.884,543660,543660,1.391,0.719,0.971,1
345,colony_143.tiff,1611,159.581,0.795,410805,410805,1.752,0.571,0.956,1
346,colony_144.tiff,1852,174.652,0.763,472260,472260,1.691,0.592,0.942,1
347,colony_145.tiff,1604,169.581,0.701,409020,409020,1.555,0.643,0.917,1
348,colony_146.tiff,2504,188.309,0.887,638520,638520,1.155,0.866,0.969,1
349,colony_147.tiff,1492,180.409,0.576,380460,380460,2.182,0.458,0.891,1
350,colony_148.tiff,1980,169.782,0.863,504900,504900,1.573,0.636,0.975,1
351,colony_149.tiff,1882,174.167,0.78,479910,479910,1.783,0.561,0.95,1
352,colony_15.tiff,2073,173.581,0.865,528615,528615,1.241,0.806,0.963,1
353,colony_150.tiff,2067,178.309,0.817,527085,527085,1.769,0.565,0.966,1
354,colony_151.tiff,2481,198.024,0.795,632655,632655,1.618,0.618,0.966,1
355,colony_152.tiff,1850,168.61,0.818,471750,471750,1.661,0.602,0.963,1
356,colony_153.tiff,1651,211.279,0.465,421005,421005,1.228,0.814,0.813,1
357,colony_154.tiff,1874,161.681,0.901,477870,477870,1.204,0.831,0.965,1
358,colony_155.tiff,2267,189.823,0.791,578085,578085,1.643,0.609,0.953,1
359,colony_156.tiff,2224,183.095,0.834,567120,567120,1.678,0.596,0.972,1
360,colony_157.tiff,1389,138.125,0.915,354195,354195,1.128,0.886,0.968,1
361,colony_158.tiff,2144,200.853,0.668,546720,546720,2.54,0.394,0.955,1
362,colony_159.tiff,1922,163.924,0.899,490110,490110,1.205,0.83,0.97,1
363,colony_16.tiff,2187,180.752,0.841,557685,557685,1.479,0.676,0.967,1
364,colony_160.tiff,1774,159.095,0.881,452370,452370,1.316,0.76,0.962,1
365,colony_161.tiff,1910,166.853,0.862,487050,487050,1.433,0.698,0.964,1
366,colony_162.tiff,1057,122.125,0.891,269535,269535,1.263,0.792,0.952,1
367,colony_163.tiff,1104,126.468,0.867,281520,281520,1.461,0.685,0.961,1
368,colony_164.tiff,1994,167.681,0.891,508470,508470,1.276,0.784,0.973,1
369,colony_165.tiff,2099,172.167,0.89,535245,535245,1.252,0.799,0.97,1
370,colony_166.tiff,1892,170.752,0.815,482460,482460,1.51,0.662,0.957,1
371,colony_167.tiff,1884,164.995,0.87,480420,480420,1.326,0.754,0.965,1
372,colony_168.tiff,1777,156.61,0.91,453135,453135,1.097,0.911,0.971,1
373,colony_169.tiff,1897,176.61,0.764,483735,483735,1.975,0.506,0.969,1
374,colony_17.tiff,2102,174.167,0.871,536010,536010,1.314,0.761,0.968,1
375,colony_170.tiff,1998,175.74,0.813,509490,509490,1.7,0.588,0.981,1
376,colony_171.tiff,2651,194.652,0.879,676005,676005,1.366,0.732,0.974,1
377,colony_172.tiff,2090,171.581,0.892,532950,532950,1.403,0.713,0.974,1
378,colony_173.tiff,1952,169.095,0.858,497760,497760,1.362,0.734,0.968,1
379,colony_174.tiff,2511,194.652,0.833,640305,640305,1.617,0.618,0.967,1
380,colony_175.tiff,2326,183.238,0.871,593130,593130,1.35,0.741,0.97,1
381,colony_176.tiff,1960,168.024,0.872,499800,499800,1.321,0.757,0.967,1
382,colony_177.tiff,1945,166.752,0.879,495975,495975,1.238,0.807,0.962,1
383,colony_178.tiff,1981,176.752,0.797,505155,505155,1.238,0.808,0.929,1
384,colony_179.tiff,1805,160.409,0.882,460275,460275,1.229,0.814,0.96,1
385,colony_18.tiff,2354,192.51,0.798,600270,600270,1.307,0.765,0.956,1
386,colony_180.tiff,1338,178.368,0.528,341190,341190,3.35,0.299,0.865,1
387,colony_181.tiff,1730,157.924,0.872,441150,441150,1.296,0.771,0.963,1
388,colony_182.tiff,2912,210.652,0.825,742560,742560,1.54,0.649,0.967,1
389,colony_183.tiff,1641,155.338,0.855,418455,418455,1.35,0.741,0.963,1
390,colony_184.tiff,2067,169.823,0.901,527085,527085,1.081,0.925,0.969,1
391,colony_185.tiff,993,117.64,0.902,253215,253215,1.122,0.892,0.962,1
392,colony_186.tiff,1828,162.267,0.872,466140,466140,1.384,0.723,0.968,1
393,colony_187.tiff,2596,193.681,0.87,661980,661980,1.403,0.713,0.976,1
394,colony_188.tiff,1072,122.711,0.895,273360,273360,1.365,0.733,0.965,1
395,colony_189.tiff,1553,149.095,0.878,396015,396015,1.374,0.728,0.962,1
396,colony_19.tiff,2098,172.995,0.881,534990,534990,1.194,0.837,0.957,1
397,colony_190.tiff,1785,160.853,0.867,455175,455175,1.376,0.727,0.964,1
398,colony_191.tiff,1627,170.409,0.704,414885,414885,2.279,0.439,0.935,1
399,colony_192.tiff,2331,189.823,0.813,594405,594405,1.628,0.614,0.962,1
400,colony_193.tiff,2249,181.924,0.854,573495,573495,1.248,0.801,0.965,1
401,colony_194.tiff,2766,197.966,0.887,705330,705330,1.255,0.796,0.972,1
402,colony_195.tiff,1051,121.054,0.901,268005,268005,1.254,0.797,0.962,1
403,colony_196.tiff,1391,154.267,0.734,354705,354705,1.639,0.61,0.913,1
404,colony_197.tiff,2460,186.167,0.892,627300,627300,1.315,0.76,0.974,1
405,colony_198.tiff,1318,137.882,0.871,336090,336090,1.113,0.899,0.957,1
406,colony_199.tiff,3620,227.48,0.879,923100,923100,1.231,0.813,0.974,1
407,colony_2.tiff,2412,185.823,0.878,615060,615060,1.379,0.725,0.971,1
408,colony_20.tiff,1585,154.267,0.837,404175,404175,1.294,0.773,0.947,1
409,colony_200.tiff,2115,175.095,0.867,539325,539325,1.367,0.731,0.97,1
410,colony_201.tiff,2791,200.409,0.873,711705,711705,1.226,0.816,0.967,1
411,colony_202.tiff,1751,177.681,0.697,446505,446505,2.214,0.452,0.947,1
412,colony_203.tiff,2021,174.024,0.839,515355,515355,1.621,0.617,0.969,1
413,colony_204.tiff,2880,204.208,0.868,734400,734400,1.382,0.723,0.971,1
414,colony_205.tiff,2282,180.51,0.88,581910,581910,1.359,0.736,0.973,1
415,colony_206.tiff,1911,165.924,0.872,487305,487305,1.396,0.717,0.966,1
416,colony_207.tiff,2050,171.095,0.88,522750,522750,1.361,0.735,0.971,1
417,colony_208.tiff,2326,181.681,0.886,593130,593130,1.363,0.734,0.971,1
418,colony_209.tiff,2595,192.894,0.876,661725,661725,1.399,0.715,0.97,1
419,colony_21.tiff,1792,160.024,0.879,456960,456960,1.368,0.731,0.969,1
420,colony_210.tiff,1718,158.51,0.859,438090,438090,1.388,0.72,0.962,1
421,colony_211.tiff,1812,167.48,0.812,462060,462060,1.738,0.575,0.962,1
422,colony_212.tiff,1989,216.794,0.532,507195,507195,1.29,0.775,0.894,1
423,colony_213.tiff,2565,190.995,0.884,654075,654075,1.396,0.716,0.975,1
424,colony_214.tiff,1446,145.681,0.856,368730,368730,1.595,0.627,0.964,1
425,colony_215.tiff,2230,184.066,0.827,568650,568650,1.698,0.589,0.962,1
426,colony_216.tiff,1937,164.51,0.899,493935,493935,1.269,0.788,0.966,1
427,colony_217.tiff,1990,167.681,0.889,507450,507450,1.138,0.879,0.957,1
428,colony_218.tiff,2559,193.823,0.856,652545,652545,1.33,0.752,0.959,1
429,colony_219.tiff,2636,210.309,0.749,672180,672180,1.683,0.594,0.923,1
430,colony_22.tiff,2123,175.338,0.868,541365,541365,1.392,0.718,0.969,1
431,colony_220.tiff,2086,177.924,0.828,531930,531930,1.605,0.623,0.963,1
432,colony_221.tiff,1369,146.853,0.798,349095,349095,1.151,0.869,0.933,1
433,colony_222.tiff,1227,131.64,0.89,312885,312885,1.155,0.865,0.96,1
434,colony_223.tiff,2222,182.51,0.838,566610,566610,1.277,0.783,0.962,1
435,colony_224.tiff,1660,154.368,0.875,423300,423300,1.235,0.81,0.964,1
436,colony_225.tiff,2117,207.823,0.616,539835,539835,2.062,0.485,0.891,1
437,colony_226.tiff,2012,173.095,0.844,513060,513060,1.464,0.683,0.967,1
438,colony_227.tiff,2007,169.581,0.877,511785,511785,1.216,0.822,0.963,1
439,colony_228.tiff,2532,189.238,0.889,645660,645660,1.237,0.809,0.97,1
440,colony_229.tiff,4243,249.421,0.857,1081965,1081965,1.285,0.778,0.963,1
441,colony_23.tiff,1510,156.267,0.777,385050,385050,1.26,0.794,0.933,1
442,colony_230.tiff,1891,164.61,0.877,482205,482205,1.257,0.796,0.968,1
443,colony_231.tiff,2068,177.095,0.829,527340,527340,1.472,0.68,0.952,1
444,colony_232.tiff,815,118.853,0.725,207825,207825,2.124,0.471,0.884,1
445,colony_233.tiff,2369,189.723,0.827,604095,604095,1.634,0.612,0.963,1
446,colony_234.tiff,2407,186.066,0.874,613785,613785,1.334,0.75,0.969,1
447,colony_235.tiff,863,116.468,0.799,220065,220065,1.38,0.725,0.912,1
448,colony_236.tiff,1720,190.368,0.596,438600,438600,3.051,0.328,0.951,1
449,colony_237.tiff,1979,167.681,0.884,504645,504645,1.287,0.777,0.969,1
450,colony_238.tiff,1837,163.681,0.862,468435,468435,1.435,0.697,0.967,1
451,colony_239.tiff,1698,156.61,0.87,432990,432990,1.426,0.701,0.968,1
452,colony_24.tiff,2417,186.066,0.877,616335,616335,1.283,0.78,0.97,1
453,colony_240.tiff,2044,170.267,0.886,521220,521220,1.295,0.772,0.969,1
454,colony_241.tiff,2365,182.066,0.897,603075,603075,1.246,0.803,0.97,1
455,colony_242.tiff,2002,170.652,0.864,510510,510510,1.35,0.741,0.957,1
456,colony_243.tiff,3028,206.894,0.889,772140,772140,1.207,0.828,0.973,1
457,colony_244.tiff,1986,165.681,0.909,506430,506430,1.183,0.845,0.971,1
458,colony_245.tiff,2794,209.823,0.797,712470,712470,1.722,0.581,0.953,1
459,colony_246.tiff,2110,174.51,0.871,538050,538050,1.364,0.733,0.97,1
460,colony_247.tiff,1742,176.368,0.704,444210,444210,2.366,0.423,0.964,1
461,colony_248.tiff,1861,161.581,0.896,474555,474555,1.104,0.906,0.967,1
462,colony_249.tiff,2450,187.823,0.873,624750,624750,1.192,0.839,0.958,1
463,colony_25.tiff,2158,175.581,0.88,550290,550290,1.219,0.821,0.956,1
464,colony_250.tiff,2106,172.51,0.889,537030,537030,1.286,0.778,0.971,1
465,colony_251.tiff,1583,152.853,0.851,403665,403665,1.558,0.642,0.963,1
466,colony_252.tiff,1276,136.024,0.867,325380,325380,1.295,0.772,0.952,1
467,colony_253.tiff,2383,184.894,0.876,607665,607665,1.305,0.766,0.968,1
468,colony_254.tiff,2775,200.794,0.865,707625,707625,1.497,0.668,0.972,1
469,colony_255.tiff,1544,152.125,0.838,393720,393720,1.671,0.599,0.965,1
470,colony_256.tiff,2072,172.51,0.875,528360,528360,1.259,0.794,0.97,1
471,colony_257.tiff,2042,170.024,0.888,520710,520710,1.304,0.767,0.971,1
472,colony_258.tiff,1794,184.711,0.661,457470,457470,2.582,0.387,0.953,1
473,colony_259.tiff,1158,131.882,0.837,295290,295290,1.308,0.765,0.947,1
474,colony_26.tiff,3771,241.078,0.815,961605,961605,1.499,0.667,0.952,1
475,colony_260.tiff,4117,261.078,0.759,1049835,1049835,1.177,0.85,0.946,1
476,colony_261.tiff,2645,206.066,0.783,674475,674475,1.43,0.699,0.929,1
477,colony_262.tiff,1925,164.853,0.89,490875,490875,1.12,0.893,0.969,1
478,colony_263.tiff,3588,223.622,0.902,914940,914940,1.061,0.943,0.976,1
479,colony_264.tiff,2391,193.338,0.804,609705,609705,1.653,0.605,0.946,1
480,colony_265.tiff,2529,196.167,0.826,644895,644895,1.538,0.65,0.961,1
481,colony_266.tiff,1853,161.681,0.891,472515,472515,1.191,0.839,0.967,1
482,colony_267.tiff,1927,172.752,0.811,491385,491385,1.317,0.759,0.938,1
483,colony_268.tiff,1972,170.853,0.849,502860,502860,1.446,0.692,0.962,1
484,colony_269.tiff,1678,192.125,0.571,427890,427890,3.065,0.326,0.945,1
485,colony_27.tiff,1791,173.48,0.748,456705,456705,1.497,0.668,0.947,1
486,colony_270.tiff,1769,166.752,0.799,451095,451095,1.839,0.544,0.965,1
487,colony_271.tiff,2247,243.522,0.476,572985,572985,1.6,0.625,0.901,1
488,colony_272.tiff,1881,166.752,0.85,479655,479655,1.36,0.735,0.958,1
489,colony_273.tiff,1960,176.309,0.792,499800,499800,1.103,0.907,0.94,1
490,colony_274.tiff,2588,192.167,0.881,659940,659940,1.279,0.782,0.972,1
491,colony_275.tiff,2041,174.267,0.845,520455,520455,1.579,0.633,0.97,1
492,colony_276.tiff,2284,184.066,0.847,582420,582420,1.541,0.649,0.968,1
493,colony_277.tiff,1628,154.267,0.86,415140,415140,1.426,0.701,0.966,1
494,colony_278.tiff,2100,173.238,0.879,535500,535500,1.349,0.741,0.97,1
495,colony_279.tiff,2327,183.238,0.871,593385,593385,1.405,0.712,0.97,1
496,colony_28.tiff,1796,163.338,0.846,457980,457980,1.41,0.709,0.954,1
497,colony_280.tiff,2189,208.024,0.636,558195,558195,2.356,0.424,0.872,1
498,colony_281.tiff,1946,166.167,0.886,496230,496230,1.266,0.79,0.968,1
499,colony_282.tiff,2385,183.238,0.893,608175,608175,1.258,0.795,0.972,1
500,colony_283.tiff,2231,185.966,0.811,568905,568905,1.491,0.671,0.954,1
501,colony_284.tiff,2014,173.823,0.838,513570,513570,1.516,0.659,0.965,1
503,colony_286.tiff,2058,170.167,0.893,524790,524790,1.303,0.767,0.967,1
504,colony_287.tiff,2546,192.752,0.861,649230,649230,1.477,0.677,0.969,1
505,colony_288.tiff,2162,178.51,0.853,551310,551310,1.508,0.663,0.963,1
506,colony_289.tiff,1966,168.51,0.87,501330,501330,1.181,0.847,0.959,1
507,colony_29.tiff,3379,225.38,0.836,861645,861645,1.396,0.716,0.963,1
508,colony_290.tiff,2516,193.137,0.848,641580,641580,1.49,0.671,0.968,1
509,colony_291.tiff,1588,191.054,0.547,404940,404940,3.399,0.294,0.94,1
510,colony_292.tiff,2117,173.924,0.879,539835,539835,1.31,0.763,0.971,1
511,colony_293.tiff,2553,193.338,0.858,651015,651015,1.446,0.692,0.972,1
512,colony_294.tiff,2448,195.966,0.801,624240,624240,1.833,0.546,0.968,1
513,colony_295.tiff,2392,190.51,0.828,609960,609960,1.64,0.61,0.97,1
514,colony_296.tiff,2330,184.51,0.86,594150,594150,1.505,0.665,0.972,1
515,colony_297.tiff,1910,166.409,0.867,487050,487050,1.147,0.872,0.957,1
516,colony_298.tiff,1916,168.368,0.849,488580,488580,1.307,0.765,0.962,1
517,colony_299.tiff,2683,194.066,0.895,684165,684165,1.155,0.866,0.971,1
518,colony_3.tiff,1844,168.61,0.815,470220,470220,1.805,0.554,0.97,1
519,colony_30.tiff,2752,196.894,0.892,701760,701760,1.2,0.834,0.972,1
520,colony_300.tiff,1756,163.581,0.825,447780,447780,1.416,0.706,0.942,1
521,colony_301.tiff,2145,175.581,0.874,546975,546975,1.324,0.755,0.966,1
522,colony_302.tiff,2014,191.054,0.693,513570,513570,2.483,0.403,0.96,1
523,colony_303.tiff,2402,189.48,0.841,612510,612510,1.55,0.645,0.967,1
524,colony_304.tiff,2109,176.167,0.854,537795,537795,1.432,0.698,0.966,1
525,colony_305.tiff,2529,188.995,0.89,644895,644895,1.255,0.797,0.975,1
526,colony_306.tiff,2470,202.894,0.754,629850,629850,1.788,0.559,0.928,1
527,colony_307.tiff,3031,214.794,0.826,772905,772905,1.602,0.624,0.969,1
528,colony_308.tiff,2057,171.439,0.879,524535,524535,1.364,0.733,0.971,1
529,colony_309.tiff,2498,189.539,0.874,636990,636990,1.387,0.721,0.974,1
530,colony_31.tiff,2645,192.995,0.892,674475,674475,1.245,0.803,0.974,1
531,colony_310.tiff,2074,183.095,0.777,528870,528870,1.876,0.533,0.961,1
532,colony_311.tiff,3498,225.137,0.867,891990,891990,1.42,0.704,0.976,1
533,colony_312.tiff,1841,162.51,0.876,469455,469455,1.28,0.781,0.968,1
534,colony_313.tiff,2173,179.681,0.846,554115,554115,1.512,0.661,0.971,1
535,colony_314.tiff,2618,191.782,0.894,667590,667590,1.063,0.94,0.977,1
536,colony_315.tiff,2105,193.924,0.703,536775,536775,2.169,0.461,0.953,1
537,colony_316.tiff,2832,199.966,0.89,722160,722160,1.303,0.767,0.972,1
538,colony_317.tiff,2734,195.238,0.901,697170,697170,1.111,0.9,0.97,1
539,colony_318.tiff,1812,165.681,0.83,462060,462060,1.617,0.618,0.961,1
540,colony_319.tiff,2920,209.48,0.836,744600,744600,1.668,0.599,0.972,1
541,colony_32.tiff,2272,191.622,0.778,579360,579360,1.888,0.53,0.946,1
542,colony_320.tiff,1746,158.51,0.873,445230,445230,1.255,0.797,0.964,1
543,colony_321.tiff,3191,220.894,0.822,813705,813705,1.66,0.603,0.973,1
544,colony_322.tiff,2228,178.995,0.874,568140,568140,1.435,0.697,0.971,1
545,colony_323.tiff,2265,181.338,0.866,577575,577575,1.309,0.764,0.967,1
546,colony_324.tiff,1364,149.296,0.769,347820,347820,1.879,0.532,0.955,1
547,colony_325.tiff,2022,170.995,0.869,515610,515610,1.376,0.727,0.965,1
548,colony_326.tiff,1238,140.61,0.787,315690,315690,1.771,0.565,0.949,1
549,colony_327.tiff,2173,178.066,0.861,554115,554115,1.201,0.832,0.954,1
550,colony_328.tiff,3884,236.451,0.873,990420,990420,1.403,0.713,0.973,1
551,colony_329.tiff,2062,171.823,0.878,525810,525810,1.08,0.926,0.966,1
552,colony_33.tiff,1328,136.711,0.893,338640,338640,1.176,0.85,0.963,1
553,colony_330.tiff,1912,175.581,0.779,487560,487560,1.818,0.55,0.963,1
554,colony_331.tiff,1996,212.409,0.556,508980,508980,2.295,0.436,0.894,1
555,colony_332.tiff,2978,210.167,0.847,759390,759390,1.45,0.69,0.957,1
556,colony_333.tiff,1024,154.569,0.539,261120,261120,3.456,0.289,0.903,1
557,colony_334.tiff,2405,248.024,0.491,613275,613275,3.951,0.253,0.934,1
558,colony_335.tiff,3932,247.622,0.806,1002660,1002660,1.672,0.598,0.968,1
559,colony_336.tiff,3554,251.037,0.709,906270,906270,2.284,0.438,0.967,1
560,colony_337.tiff,2154,199.823,0.678,549270,549270,2.492,0.401,0.957,1
561,colony_338.tiff,1806,160.267,0.884,460530,460530,1.225,0.817,0.967,1
562,colony_339.tiff,1976,245.823,0.411,503880,503880,2.932,0.341,0.884,1
563,colony_34.tiff,3932,244.208,0.829,1002660,1002660,1.517,0.659,0.973,1
564,colony_340.tiff,1478,170.752,0.637,376890,376890,1.364,0.733,0.874,1
565,colony_341.tiff,2100,191.095,0.723,535500,535500,2.239,0.447,0.966,1
566,colony_342.tiff,1773,182.711,0.667,452115,452115,2.626,0.381,0.961,1
567,colony_343.tiff,1778,174.267,0.736,453390,453390,2.12,0.472,0.963,1
568,colony_344.tiff,1204,176.024,0.488,307020,307020,3.548,0.282,0.83,1
569,colony_345.tiff,2030,187.338,0.727,517650,517650,1.927,0.519,0.928,1
570,colony_346.tiff,1857,160.51,0.906,473535,473535,1.092,0.915,0.97,1
571,colony_347.tiff,2191,277.806,0.357,558705,558705,1.2,0.833,0.791,1
573,colony_349.tiff,2169,208.066,0.63,553095,553095,2.794,0.358,0.948,1
574,colony_35.tiff,3497,232.551,0.813,891735,891735,1.543,0.648,0.954,1
575,colony_350.tiff,2044,198.61,0.651,521220,521220,2.632,0.38,0.917,1
576,colony_351.tiff,2081,173.581,0.868,530655,530655,1.371,0.73,0.967,1
577,colony_352.tiff,1701,185.095,0.624,433755,433755,2.747,0.364,0.927,1
578,colony_353.tiff,2242,193.196,0.755,571710,571710,1.964,0.509,0.941,1
579,colony_354.tiff,1764,181.539,0.673,449820,449820,2.564,0.39,0.958,1
580,colony_355.tiff,2324,193.823,0.777,592620,592620,1.906,0.525,0.966,1
581,colony_356.tiff,2261,199.095,0.717,576555,576555,2.209,0.453,0.951,1
582,colony_357.tiff,2048,249.865,0.412,522240,522240,2.175,0.46,0.843,1
583,colony_358.tiff,2384,187.439,0.853,607920,607920,1.421,0.704,0.952,1
584,colony_359.tiff,2026,187.782,0.722,516630,516630,2.278,0.439,0.966,1
585,colony_36.tiff,1962,182.61,0.739,500310,500310,1.852,0.54,0.929,1
586,colony_360.tiff,1471,163.581,0.691,375105,375105,2.377,0.421,0.951,1
587,colony_361.tiff,2060,183.581,0.768,525300,525300,1.862,0.537,0.965,1
588,colony_362.tiff,2037,175.924,0.827,519435,519435,1.471,0.68,0.96,1
589,colony_363.tiff,3055,236.208,0.688,779025,779025,2.415,0.414,0.966,1
590,colony_364.tiff,2687,203.581,0.815,685185,685185,1.728,0.579,0.971,1
591,colony_365.tiff,4191,269.622,0.724,1068705,1068705,2.134,0.469,0.97,1
592,colony_366.tiff,1942,190.853,0.67,495210,495210,2.498,0.4,0.953,1
593,colony_367.tiff,1782,195.054,0.589,454410,454410,3.257,0.307,0.939,1
594,colony_368.tiff,1948,200.468,0.609,496740,496740,3.074,0.325,0.952,1
595,colony_369.tiff,2911,202.894,0.889,742305,742305,1.232,0.811,0.972,1
596,colony_37.tiff,1709,162.61,0.812,435795,435795,1.596,0.627,0.955,1
597,colony_370.tiff,1215,156.125,0.626,309825,309825,2.548,0.392,0.935,1
598,colony_371.tiff,1515,167.154,0.681,386325,386325,2.629,0.38,0.969,1
599,colony_372.tiff,2478,217.338,0.659,631890,631890,2.601,0.384,0.955,1
600,colony_373.tiff,1624,154.368,0.856,414120,414120,1.368,0.731,0.959,1
601,colony_374.tiff,1872,185.64,0.683,477360,477360,2.505,0.399,0.95,1
602,colony_375.tiff,1631,182.125,0.618,415905,415905,2.938,0.34,0.951,1
603,colony_376.tiff,1526,177.296,0.61,389130,389130,2.857,0.35,0.947,1
604,colony_377.tiff,1928,200.468,0.603,491640,491640,3.036,0.329,0.96,1
605,colony_378.tiff,2747,218.995,0.72,700485,700485,2.147,0.466,0.965,1
606,colony_379.tiff,2681,235.48,0.608,683655,683655,1.975,0.506,0.812,1
607,colony_38.tiff,2360,184.309,0.873,601800,601800,1.301,0.768,0.966,1
608,colony_380.tiff,2187,193.782,0.732,557685,557685,2.115,0.473,0.947,1
609,colony_381.tiff,2497,189.48,0.874,636735,636735,1.388,0.721,0.97,1
610,colony_382.tiff,2396,214.125,0.657,610980,610980,2.762,0.362,0.967,1
612,colony_384.tiff,1894,165.924,0.865,482970,482970,1.058,0.946,0.956,1
613,colony_385.tiff,1735,190.468,0.601,442425,442425,3.006,0.333,0.943,1
614,colony_386.tiff,3339,252.652,0.657,851445,851445,2.523,0.396,0.947,1
615,colony_387.tiff,1931,177.539,0.77,492405,492405,2.027,0.493,0.961,1
616,colony_388.tiff,2438,199.782,0.768,621690,621690,2.118,0.472,0.977,1
617,colony_389.tiff,1908,210.125,0.543,486540,486540,3.539,0.283,0.945,1
618,colony_39.tiff,2192,178.066,0.869,558960,558960,1.352,0.74,0.967,1
619,colony_390.tiff,2370,191.095,0.816,604350,604350,1.757,0.569,0.972,1
620,colony_391.tiff,2373,205.782,0.704,605115,605115,2.394,0.418,0.962,1
621,colony_392.tiff,2147,175.238,0.879,547485,547485,1.404,0.712,0.971,1
622,colony_393.tiff,2422,224.267,0.605,617610,617610,2.603,0.384,0.868,1
623,colony_394.tiff,2260,189.238,0.793,576300,576300,1.714,0.583,0.951,1
624,colony_395.tiff,2345,187.095,0.842,597975,597975,1.551,0.645,0.965,1
625,colony_396.tiff,3548,273.421,0.596,904740,904740,2.014,0.496,0.844,1
626,colony_397.tiff,2437,203.865,0.737,621435,621435,2.033,0.492,0.951,1
627,colony_398.tiff,2524,201.48,0.781,643620,643620,1.902,0.526,0.969,1
628,colony_399.tiff,2241,190.208,0.778,571455,571455,1.87,0.535,0.953,1
629,colony_4.tiff,2313,184.309,0.856,589815,589815,1.287,0.777,0.936,1
630,colony_40.tiff,3846,232.208,0.896,980730,980730,1.213,0.824,0.978,1
631,colony_400.tiff,2161,241.907,0.464,551055,551055,2.864,0.349,0.859,1
632,colony_401.tiff,1621,159.338,0.802,413355,413355,1.82,0.549,0.965,1
633,colony_402.tiff,1676,187.238,0.601,427380,427380,1.92,0.521,0.823,1
634,colony_403.tiff,2305,195.338,0.759,587775,587775,1.935,0.517,0.961,1
635,colony_404.tiff,2013,172.51,0.85,513315,513315,1.494,0.669,0.967,1
636,colony_405.tiff,2126,183.338,0.795,542130,542130,1.478,0.677,0.904,1
637,colony_406.tiff,1999,170.409,0.865,509745,509745,1.423,0.703,0.967,1
638,colony_407.tiff,2228,194.066,0.743,568140,568140,1.413,0.708,0.916,1
639,colony_408.tiff,1488,161.823,0.714,379440,379440,2.149,0.465,0.917,1
640,colony_409.tiff,2385,194.995,0.788,608175,608175,1.721,0.581,0.948,1
641,colony_41.tiff,2512,201.622,0.777,640560,640560,1.528,0.654,0.892,1
642,colony_410.tiff,1498,150.167,0.835,381990,381990,1.566,0.639,0.957,1
643,colony_411.tiff,2254,194.309,0.75,574770,574770,1.849,0.541,0.957,1
644,colony_412.tiff,1694,166.066,0.772,431970,431970,1.696,0.59,0.944,1
645,colony_413.tiff,1337,152.995,0.718,340935,340935,1.551,0.645,0.912,1
646,colony_414.tiff,1376,148.267,0.787,350880,350880,1.841,0.543,0.955,1
647,colony_415.tiff,1498,148.61,0.852,381990,381990,1.316,0.76,0.955,1
648,colony_416.tiff,2980,209.723,0.851,759900,759900,1.322,0.757,0.946,1
649,colony_417.tiff,1039,137.539,0.69,264945,264945,1.964,0.509,0.913,1
650,colony_418.tiff,2932,211.48,0.824,747660,747660,1.496,0.669,0.957,1
651,colony_419.tiff,1968,183.238,0.737,501840,501840,2.143,0.467,0.961,1
652,colony_42.tiff,1968,172.167,0.834,501840,501840,1.398,0.715,0.952,1
653,colony_420.tiff,1624,178.409,0.641,414120,414120,2.324,0.43,0.896,1
654,colony_421.tiff,1668,178.409,0.659,425340,425340,2.222,0.45,0.922,1
655,colony_422.tiff,1971,168.953,0.868,502605,502605,1.197,0.835,0.965,1
656,colony_423.tiff,3954,282.936,0.621,1008270,1008270,2.562,0.39,0.938,1
657,colony_424.tiff,1491,162.024,0.714,380205,380205,2.252,0.444,0.956,1
658,colony_425.tiff,1892,270.291,0.325,482460,482460,1.602,0.624,0.777,1
659,colony_426.tiff,1926,167.095,0.867,491130,491130,1.407,0.711,0.968,1
660,colony_427.tiff,1274,147.782,0.733,324870,324870,2.186,0.458,0.96,1
661,colony_428.tiff,2305,209.882,0.658,587775,587775,2.828,0.354,0.968,1
662,colony_429.tiff,1515,167.581,0.678,386325,386325,1.682,0.595,0.896,1
663,colony_43.tiff,2474,189.823,0.863,630870,630870,1.393,0.718,0.962,1
664,colony_430.tiff,2244,205.723,0.666,572220,572220,2.196,0.455,0.933,1
665,colony_431.tiff,2278,200.794,0.71,580890,580890,2.3,0.435,0.962,1
666,colony_432.tiff,3015,206.551,0.888,768825,768825,1.234,0.81,0.974,1
667,colony_433.tiff,2738,233.137,0.633,698190,698190,2.051,0.487,0.928,1
668,colony_434.tiff,3497,254.35,0.679,891735,891735,2.231,0.448,0.922,1
669,colony_435.tiff,2557,194.066,0.853,652035,652035,1.453,0.688,0.972,1
670,colony_436.tiff,1539,147.681,0.887,392445,392445,1.344,0.744,0.967,1
671,colony_437.tiff,2303,230.794,0.543,587265,587265,1.766,0.566,0.905,1
672,colony_438.tiff,2442,203.966,0.738,622710,622710,1.825,0.548,0.927,1
673,colony_439.tiff,2724,213.723,0.749,694620,694620,1.773,0.564,0.937,1
674,colony_44.tiff,2139,173.581,0.892,545445,545445,1.147,0.872,0.969,1
675,colony_440.tiff,1628,156.51,0.835,415140,415140,1.507,0.664,0.958,1
676,colony_441.tiff,2002,169.539,0.875,510510,510510,1.404,0.712,0.973,1
677,colony_442.tiff,2792,212.752,0.775,711960,711960,1.85,0.541,0.961,1
679,colony_444.tiff,2156,179.581,0.84,549780,549780,1.524,0.656,0.968,1
680,colony_445.tiff,2148,189.137,0.755,547740,547740,2.02,0.495,0.933,1
681,colony_446.tiff,1719,167.439,0.771,438345,438345,1.966,0.509,0.962,1
682,colony_447.tiff,2341,185.238,0.857,596955,596955,1.445,0.692,0.971,1
683,colony_448.tiff,2015,187.823,0.718,513825,513825,2.151,0.465,0.925,1
684,colony_45.tiff,1539,146.711,0.899,392445,392445,1.263,0.792,0.97,1
685,colony_450.tiff,2508,200.652,0.783,639540,639540,1.765,0.567,0.943,1
686,colony_451.tiff,2234,180.894,0.858,569670,569670,1.463,0.684,0.968,1
687,colony_452.tiff,1643,169.095,0.722,418965,418965,2.033,0.492,0.947,1
688,colony_453.tiff,2002,192.108,0.682,510510,510510,2.54,0.394,0.936,1
689,colony_454.tiff,2969,249.765,0.598,757095,757095,2.257,0.443,0.859,1
690,colony_455.tiff,2209,192.409,0.75,563295,563295,1.844,0.542,0.95,1
691,colony_457.tiff,1764,168.409,0.782,449820,449820,1.865,0.536,0.962,1
692,colony_458.tiff,1539,150.368,0.855,392445,392445,1.324,0.755,0.953,1
693,colony_459.tiff,3079,248.936,0.624,785145,785145,1.987,0.503,0.924,1
694,colony_46.tiff,1963,169.823,0.855,500565,500565,1.524,0.656,0.968,1
695,colony_460.tiff,3365,229.522,0.803,858075,858075,1.681,0.595,0.945,1
696,colony_461.tiff,2415,192.752,0.817,615825,615825,1.58,0.633,0.957,1
697,colony_462.tiff,1407,171.095,0.604,358785,358785,1.369,0.731,0.891,1
698,colony_463.tiff,2366,190.409,0.82,603330,603330,1.626,0.615,0.967,1
699,colony_464.tiff,3509,227.723,0.85,894795,894795,1.52,0.658,0.976,1
700,colony_465.tiff,3533,266.35,0.626,900915,900915,1.272,0.786,0.871,1
701,colony_466.tiff,2688,198.551,0.857,685440,685440,1.143,0.875,0.96,1
702,colony_467.tiff,2954,213.723,0.813,753270,753270,1.562,0.64,0.964,1
703,colony_468.tiff,2583,193.238,0.869,658665,658665,1.331,0.751,0.966,1
704,colony_469.tiff,3125,213.622,0.861,796875,796875,1.415,0.707,0.972,1
705,colony_47.tiff,1331,192.894,0.45,339405,339405,2.03,0.493,0.801,1
706,colony_470.tiff,2109,173.338,0.882,537795,537795,1.316,0.76,0.971,1
707,colony_471.tiff,2183,176.167,0.884,556665,556665,1.249,0.8,0.97,1
708,colony_472.tiff,1837,169.782,0.801,468435,468435,1.738,0.575,0.965,1
709,colony_473.tiff,2171,180.61,0.836,553605,553605,1.607,0.622,0.973,1
710,colony_474.tiff,2471,186.652,0.891,630105,630105,1.307,0.765,0.975,1
711,colony_475.tiff,2440,217.095,0.651,622200,622200,2.734,0.366,0.952,1
712,colony_476.tiff,4664,273.622,0.783,1189320,1189320,1.803,0.555,0.959,1
715,colony_478.tiff,2030,197.823,0.652,517650,517650,2.021,0.495,0.91,1
716,colony_479.tiff,2232,188.451,0.79,569160,569160,1.837,0.544,0.946,1
717,colony_48.tiff,1746,164.024,0.816,445230,445230,1.732,0.577,0.963,1
718,colony_480.tiff,2042,170.853,0.879,520710,520710,1.327,0.754,0.971,1
721,colony_483.tiff,1617,208.61,0.467,412335,412335,2.506,0.399,0.875,1
722,colony_484.tiff,1545,148.853,0.876,393975,393975,1.329,0.752,0.964,1
723,colony_485.tiff,4113,283.078,0.645,1048815,1048815,1.897,0.527,0.884,1
724,colony_486.tiff,3359,331.505,0.384,856545,856545,2.23,0.449,0.826,1
725,colony_487.tiff,1589,163.924,0.743,405195,405195,2.064,0.484,0.953,1
726,colony_488.tiff,1362,161.782,0.654,347310,347310,1.923,0.52,0.898,1
727,colony_489.tiff,1667,162.853,0.79,425085,425085,1.559,0.641,0.959,1
728,colony_49.tiff,1796,165.924,0.82,457980,457980,1.312,0.762,0.941,1
729,colony_490.tiff,1520,184.309,0.562,387600,387600,1.839,0.544,0.705,1
730,colony_491.tiff,1654,162.368,0.788,421770,421770,1.471,0.68,0.941,1
731,colony_492.tiff,1973,174.167,0.817,503115,503115,1.691,0.591,0.968,1
734,colony_494.tiff,1768,180.468,0.682,450840,450840,2.33,0.429,0.917,1
735,colony_495.tiff,1854,164.853,0.857,472770,472770,1.398,0.716,0.963,1
741,colony_499.tiff,1665,161.338,0.804,424575,424575,1.791,0.558,0.959,1
742,colony_5.tiff,2776,198.551,0.885,707880,707880,1.223,0.817,0.971,1
743,colony_50.tiff,1263,149.338,0.712,322065,322065,1.608,0.622,0.907,1
744,colony_500.tiff,1503,156.125,0.775,383265,383265,1.842,0.543,0.953,1
746,colony_502.tiff,1747,213.338,0.482,445485,445485,2.107,0.475,0.678,1
747,colony_503.tiff,1744,158.368,0.874,444720,444720,1.383,0.723,0.969,1
749,colony_505.tiff,2375,257.078,0.452,605625,605625,2.299,0.435,0.824,1
750,colony_506.tiff,1689,158.853,0.841,430695,430695,1.185,0.844,0.949,1
751,colony_507.tiff,2595,288.291,0.392,661725,661725,1.869,0.535,0.574,1
752,colony_509.tiff,3144,218.451,0.828,801720,801720,1.223,0.818,0.935,1
753,colony_51.tiff,1990,168.51,0.881,507450,507450,1.283,0.779,0.967,1
754,colony_510.tiff,1471,177.681,0.586,375105,375105,1.816,0.551,0.801,1
755,colony_511.tiff,3024,207.137,0.886,771120,771120,1.368,0.731,0.975,1
756,colony_512.tiff,2829,216.25,0.76,721395,721395,1.845,0.542,0.92,1
757,colony_513.tiff,3443,231.966,0.804,877965,877965,1.659,0.603,0.956,1
758,colony_514.tiff,3189,217.137,0.85,813195,813195,1.396,0.717,0.97,1
759,colony_515.tiff,3676,235.137,0.835,937380,937380,1.179,0.848,0.913,1
760,colony_516.tiff,1579,150.711,0.874,402645,402645,1.242,0.805,0.964,1
761,colony_517.tiff,1928,172.995,0.81,491640,491640,1.613,0.62,0.945,1
762,colony_518.tiff,2019,174.652,0.832,514845,514845,1.609,0.621,0.966,1
763,colony_519.tiff,3149,230.208,0.747,802995,802995,1.556,0.643,0.897,1
764,colony_52.tiff,2406,186.51,0.869,613530,613530,1.324,0.755,0.963,1
765,colony_520.tiff,2328,237.179,0.52,593640,593640,1.854,0.539,0.829,1
766,colony_521.tiff,1219,188.652,0.43,310845,310845,1.32,0.757,0.78,1
767,colony_522.tiff,1618,180.652,0.623,412590,412590,2.172,0.46,0.933,1
768,colony_523.tiff,1025,163.681,0.481,261375,261375,2.012,0.497,0.829,1
769,colony_524.tiff,1865,180.853,0.717,475575,475575,2.147,0.466,0.954,1
770,colony_525.tiff,2904,217.48,0.772,740520,740520,1.766,0.566,0.943,1
771,colony_526.tiff,1498,167.581,0.67,381990,381990,1.258,0.795,0.89,1
773,colony_527.tiff,2248,236.492,0.505,573240,573240,2.065,0.484,0.781,1
774,colony_528.tiff,2556,209.238,0.734,651780,651780,2.129,0.47,0.965,1
775,colony_529.tiff,2209,183.238,0.827,563295,563295,1.388,0.721,0.94,1
776,colony_53.tiff,1781,159.924,0.875,454155,454155,1.283,0.779,0.963,1
777,colony_530.tiff,2237,181.338,0.855,570435,570435,1.392,0.718,0.949,1
778,colony_531.tiff,2908,214.894,0.791,741540,741540,1.788,0.559,0.953,1
779,colony_532.tiff,2544,206.066,0.753,648720,648720,2.003,0.499,0.963,1
780,colony_533.tiff,3057,214.451,0.835,779535,779535,1.129,0.886,0.905,1
782,colony_535.tiff,2262,195.681,0.742,576810,576810,2.081,0.48,0.958,1
783,colony_536.tiff,2204,199.865,0.693,562020,562020,2.255,0.443,0.924,1
784,colony_537.tiff,2405,192.066,0.819,613275,613275,1.448,0.69,0.924,1
785,colony_538.tiff,2326,209.38,0.667,593130,593130,1.528,0.655,0.902,1
786,colony_539.tiff,1936,173.48,0.808,493680,493680,1.689,0.592,0.963,1
787,colony_54.tiff,1797,160.51,0.877,458235,458235,1.442,0.694,0.968,1
788,colony_540.tiff,2491,191.581,0.853,635205,635205,1.475,0.678,0.971,1
789,colony_541.tiff,2360,190.167,0.82,601800,601800,1.573,0.636,0.942,1
790,colony_542.tiff,2361,192.066,0.804,602055,602055,1.28,0.781,0.897,1
792,colony_544.tiff,2055,249.279,0.416,524025,524025,1.752,0.571,0.834,1
793,colony_545.tiff,3170,242.492,0.677,808350,808350,2.114,0.473,0.874,1
794,colony_546.tiff,1557,171.196,0.668,397035,397035,1.321,0.757,0.871,1
795,colony_547.tiff,4112,258.936,0.771,1048560,1048560,1.931,0.518,0.973,1
796,colony_548.tiff,1880,170.61,0.812,479400,479400,1.731,0.578,0.964,1
797,colony_549.tiff,3354,237.865,0.745,855270,855270,1.816,0.551,0.947,1
798,colony_55.tiff,2008,173.823,0.835,512040,512040,1.627,0.615,0.967,1
799,colony_550.tiff,1671,154.51,0.88,426105,426105,1.358,0.736,0.966,1
800,colony_551.tiff,1834,165.723,0.839,467670,467670,1.525,0.656,0.952,1
801,colony_552.tiff,2000,201.966,0.616,510000,510000,1.738,0.575,0.788,1
802,colony_553.tiff,3014,209.823,0.86,768570,768570,1.472,0.679,0.975,1
803,colony_554.tiff,1301,154.953,0.681,331755,331755,1.666,0.6,0.91,1
804,colony_555.tiff,2345,232.936,0.543,597975,597975,1.987,0.503,0.848,1
805,colony_556.tiff,2546,202.066,0.784,649230,649230,1.71,0.585,0.928,1
806,colony_557.tiff,1950,242.492,0.417,497250,497250,1.396,0.716,0.843,1
807,colony_558.tiff,2615,198.894,0.831,666825,666825,1.644,0.608,0.972,1
808,colony_559.tiff,1798,179.38,0.702,458490,458490,2.219,0.451,0.914,1
809,colony_56.tiff,3638,227.723,0.882,927690,927690,1.308,0.765,0.975,1
810,colony_560.tiff,1672,170.409,0.724,426360,426360,1.774,0.564,0.927,1
811,colony_561.tiff,2184,194.995,0.722,556920,556920,1.189,0.841,0.788,1
812,colony_562.tiff,1733,164.894,0.801,441915,441915,1.91,0.524,0.965,1
813,colony_563.tiff,1722,166.652,0.779,439110,439110,1.541,0.649,0.922,1
814,colony_564.tiff,1604,164.409,0.746,409020,409020,2.075,0.482,0.957,1
815,colony_565.tiff,2094,179.238,0.819,533970,533970,1.579,0.633,0.964,1
816,colony_566.tiff,1632,210.451,0.463,416160,416160,2.005,0.499,0.894,1
818,colony_568.tiff,1788,165.338,0.822,455940,455940,1.197,0.835,0.944,1
819,colony_569.tiff,2841,206.652,0.836,724455,724455,1.416,0.706,0.953,1
820,colony_57.tiff,1468,142.468,0.909,374340,374340,1.028,0.973,0.967,1
821,colony_570.tiff,1976,167.823,0.882,503880,503880,1.075,0.93,0.963,1
822,colony_571.tiff,1929,175.581,0.786,491895,491895,1.696,0.59,0.948,1
823,colony_572.tiff,2064,181.622,0.786,526320,526320,2.016,0.496,0.962,1
824,colony_573.tiff,1662,153.196,0.89,423810,423810,1.297,0.771,0.969,1
826,colony_575.tiff,2167,174.51,0.894,552585,552585,1.098,0.91,0.957,1
827,colony_576.tiff,1886,172.409,0.797,480930,480930,1.846,0.542,0.962,1
828,colony_577.tiff,2119,179.196,0.829,540345,540345,1.693,0.591,0.968,1
829,colony_578.tiff,2174,185.38,0.795,554370,554370,1.857,0.539,0.956,1
830,colony_579.tiff,2470,216.551,0.662,629850,629850,1.709,0.585,0.784,1
831,colony_58.tiff,1717,213.179,0.475,437835,437835,1.718,0.582,0.885,1
832,colony_580.tiff,1963,167.338,0.881,500565,500565,1.308,0.765,0.968,1
833,colony_581.tiff,2705,212.451,0.753,689775,689775,2.048,0.488,0.965,1
834,colony_582.tiff,2722,273.664,0.457,694110,694110,1.776,0.563,0.822,1
835,colony_583.tiff,1951,195.338,0.643,497505,497505,1.933,0.517,0.887,1
836,colony_584.tiff,2200,176.409,0.888,561000,561000,1.176,0.85,0.966,1
837,colony_585.tiff,2745,214.309,0.751,699975,699975,1.649,0.606,0.889,1
838,colony_586.tiff,2194,212.551,0.61,559470,559470,1.49,0.671,0.874,1
839,colony_587.tiff,1965,175.238,0.804,501075,501075,1.731,0.578,0.964,1
840,colony_588.tiff,1756,165.882,0.802,447780,447780,1.886,0.53,0.973,1
841,colony_589.tiff,2145,173.681,0.894,546975,546975,1.078,0.928,0.969,1
842,colony_59.tiff,1959,169.581,0.856,499545,499545,1.231,0.813,0.959,1
843,colony_590.tiff,1915,164.167,0.893,488325,488325,1.298,0.77,0.968,1
844,colony_591.tiff,2114,184.409,0.781,539070,539070,1.787,0.56,0.956,1
845,colony_592.tiff,2422,197.622,0.779,617610,617610,1.735,0.576,0.936,1
846,colony_593.tiff,2400,200.693,0.749,612000,612000,2.056,0.486,0.95,1
847,colony_594.tiff,2716,197.681,0.873,692580,692580,1.414,0.707,0.973,1
848,colony_595.tiff,2120,175.581,0.864,540600,540600,1.366,0.732,0.961,1
849,colony_596.tiff,1873,164.51,0.87,477615,477615,1.328,0.753,0.969,1
850,colony_597.tiff,3114,208.551,0.9,794070,794070,1.166,0.858,0.976,1
851,colony_598.tiff,2407,185.581,0.878,613785,613785,1.388,0.721,0.971,1
852,colony_599.tiff,1973,171.439,0.844,503115,503115,1.563,0.64,0.969,1
853,colony_6.tiff,2018,172.752,0.85,514590,514590,1.394,0.717,0.957,1
854,colony_60.tiff,1905,167.095,0.857,485775,485775,1.392,0.718,0.967,1
855,colony_600.tiff,2252,179.338,0.88,574260,574260,1.242,0.805,0.957,1
856,colony_601.tiff,2055,173.681,0.856,524025,524025,1.454,0.688,0.972,1
857,colony_602.tiff,2514,187.924,0.895,641070,641070,1.243,0.805,0.97,1
858,colony_603.tiff,3489,232.836,0.809,889695,889695,1.451,0.689,0.955,1
859,colony_604.tiff,2417,184.409,0.893,616335,616335,1.259,0.794,0.973,1
860,colony_605.tiff,2973,207.723,0.866,758115,758115,1.378,0.726,0.973,1
861,colony_606.tiff,2087,176.995,0.837,532185,532185,1.406,0.711,0.949,1
862,colony_607.tiff,2490,187.338,0.892,634950,634950,1.317,0.759,0.975,1
863,colony_608.tiff,1893,167.196,0.851,482715,482715,1.574,0.635,0.972,1
864,colony_609.tiff,2209,175.581,0.9,563295,563295,1.2,0.833,0.973,1
865,colony_61.tiff,2369,188.409,0.839,604095,604095,1.442,0.694,0.959,1
866,colony_610.tiff,2211,180.309,0.855,563805,563805,1.392,0.718,0.965,1
867,colony_611.tiff,2325,183.238,0.87,592875,592875,1.046,0.956,0.967,1
868,colony_612.tiff,2557,192.551,0.867,652035,652035,1.45,0.69,0.971,1
869,colony_613.tiff,2068,169.439,0.905,527340,527340,1.097,0.912,0.972,1
870,colony_614.tiff,2064,170.024,0.897,526320,526320,1.187,0.843,0.972,1
871,colony_615.tiff,1921,165.681,0.879,489855,489855,1.327,0.754,0.97,1
872,colony_616.tiff,2146,176.409,0.867,547230,547230,1.31,0.764,0.966,1
873,colony_617.tiff,1068,129.196,0.804,272340,272340,1.404,0.712,0.931,1
874,colony_618.tiff,2421,186.752,0.872,617355,617355,1.325,0.755,0.971,1
875,colony_619.tiff,2293,224.35,0.572,584715,584715,2.451,0.408,0.85,1
876,colony_62.tiff,1993,165.681,0.912,508215,508215,1.16,0.862,0.972,1
877,colony_620.tiff,2588,192.551,0.877,659940,659940,1.235,0.809,0.965,1
878,colony_621.tiff,2054,170.51,0.888,523770,523770,1.225,0.816,0.966,1
879,colony_622.tiff,1639,156.995,0.836,417945,417945,1.442,0.693,0.952,1
880,colony_623.tiff,1163,127.64,0.897,296565,296565,1.27,0.787,0.963,1
881,colony_624.tiff,1888,163.095,0.892,481440,481440,1.31,0.763,0.97,1
882,colony_625.tiff,1979,175.095,0.811,504645,504645,1.483,0.674,0.955,1
883,colony_626.tiff,2374,184.51,0.876,605370,605370,1.27,0.788,0.966,1
884,colony_627.tiff,1930,169.296,0.846,492150,492150,1.567,0.638,0.968,1
885,colony_628.tiff,1959,190.652,0.677,499545,499545,1.804,0.554,0.888,1
886,colony_629.tiff,1532,145.439,0.91,390660,390660,1.239,0.807,0.969,1
887,colony_63.tiff,2590,191.823,0.885,660450,660450,1.275,0.785,0.972,1
888,colony_630.tiff,2291,177.338,0.915,584205,584205,1.088,0.919,0.972,1
889,colony_631.tiff,1876,165.439,0.861,478380,478380,1.444,0.692,0.968,1
890,colony_632.tiff,2449,191.48,0.839,624495,624495,1.471,0.68,0.96,1
891,colony_633.tiff,1963,169.681,0.857,500565,500565,1.432,0.698,0.965,1
892,colony_634.tiff,2029,171.095,0.871,517395,517395,1.39,0.72,0.969,1
893,colony_635.tiff,2736,197.823,0.879,697680,697680,1.28,0.781,0.97,1
894,colony_636.tiff,2119,174.51,0.874,540345,540345,1.279,0.782,0.966,1
895,colony_637.tiff,1798,159.924,0.883,458490,458490,1.355,0.738,0.967,1
896,colony_638.tiff,2738,200.309,0.858,698190,698190,1.441,0.694,0.971,1
897,colony_639.tiff,2194,193.823,0.734,559470,559470,1.205,0.83,0.796,1
898,colony_64.tiff,2093,172.995,0.879,533715,533715,1.27,0.787,0.968,1
899,colony_640.tiff,2145,179.681,0.835,546975,546975,1.556,0.643,0.968,1
900,colony_641.tiff,2063,171.581,0.881,526065,526065,1.209,0.827,0.96,1
901,colony_642.tiff,2733,197.681,0.879,696915,696915,1.416,0.706,0.975,1
902,colony_643.tiff,1859,164.853,0.86,474045,474045,1.424,0.702,0.966,1
903,colony_644.tiff,2032,174.267,0.841,518160,518160,1.536,0.651,0.968,1
904,colony_645.tiff,2109,170.167,0.915,537795,537795,1.135,0.881,0.971,1
905,colony_646.tiff,2397,186.409,0.867,611235,611235,1.367,0.732,0.968,1
906,colony_647.tiff,1747,158.995,0.868,445485,445485,1.264,0.791,0.956,1
907,colony_648.tiff,2867,201.238,0.89,731085,731085,1.228,0.815,0.976,1
908,colony_649.tiff,1745,160.752,0.849,444975,444975,1.558,0.642,0.965,1
909,colony_65.tiff,1667,157.439,0.845,425085,425085,1.363,0.733,0.96,1
910,colony_650.tiff,2143,177.238,0.857,546465,546465,1.154,0.866,0.962,1
911,colony_651.tiff,2262,187.48,0.809,576810,576810,1.543,0.648,0.96,1
912,colony_652.tiff,2463,193.924,0.823,628065,628065,1.61,0.621,0.967,1
913,colony_653.tiff,2099,171.095,0.901,535245,535245,1.168,0.856,0.973,1
914,colony_654.tiff,2163,174.995,0.888,551565,551565,1.342,0.745,0.971,1
915,colony_655.tiff,1805,158.953,0.898,460275,460275,1.235,0.81,0.971,1
916,colony_656.tiff,2596,199.48,0.82,661980,661980,1.6,0.625,0.965,1
917,colony_657.tiff,1516,152.995,0.814,386580,386580,1.36,0.735,0.943,1
918,colony_658.tiff,2097,176.167,0.849,534735,534735,1.32,0.758,0.964,1
919,colony_659.tiff,1753,161.782,0.842,447015,447015,1.61,0.621,0.969,1
920,colony_66.tiff,3002,210.451,0.852,765510,765510,1.413,0.708,0.966,1
921,colony_660.tiff,1327,135.782,0.904,338385,338385,1.143,0.875,0.964,1
922,colony_661.tiff,1506,211.037,0.425,384030,384030,1.998,0.5,0.83,1
923,colony_662.tiff,2236,177.681,0.89,570180,570180,1.129,0.886,0.97,1
924,colony_663.tiff,1279,133.296,0.905,326145,326145,1.137,0.879,0.965,1
925,colony_664.tiff,2053,170.51,0.887,523515,523515,1.23,0.813,0.969,1
926,colony_665.tiff,2240,179.581,0.873,571200,571200,1.246,0.803,0.968,1
927,colony_666.tiff,2994,210.451,0.849,763470,763470,1.488,0.672,0.96,1
928,colony_667.tiff,2387,182.652,0.899,608685,608685,1.122,0.891,0.971,1
930,colony_669.tiff,2366,189.581,0.827,603330,603330,1.285,0.778,0.907,1
931,colony_67.tiff,2022,169.924,0.88,515610,515610,1.202,0.832,0.961,1
932,colony_670.tiff,2446,190.894,0.843,623730,623730,1.269,0.788,0.922,1
933,colony_671.tiff,4224,245.179,0.883,1077120,1077120,1.152,0.868,0.972,1
934,colony_672.tiff,3755,237.907,0.834,957525,957525,1.545,0.647,0.971,1
935,colony_673.tiff,1917,163.924,0.896,488835,488835,1.132,0.883,0.968,1
936,colony_674.tiff,1421,149.782,0.796,362355,362355,1.586,0.631,0.939,1
937,colony_675.tiff,1962,170.652,0.847,500310,500310,1.481,0.675,0.964,1
938,colony_676.tiff,1631,159.095,0.81,415905,415905,1.431,0.699,0.942,1
939,colony_677.tiff,1694,157.539,0.858,431970,431970,1.495,0.669,0.97,1
940,colony_678.tiff,2311,182.309,0.874,589305,589305,1.442,0.694,0.972,1
941,colony_679.tiff,2190,181.338,0.837,558450,558450,1.522,0.657,0.962,1
942,colony_68.tiff,2418,184.752,0.89,616590,616590,1.205,0.83,0.971,1
943,colony_680.tiff,2338,184.752,0.861,596190,596190,1.266,0.79,0.951,1
944,colony_681.tiff,1373,150.409,0.763,350115,350115,1.462,0.684,0.917,1
945,colony_682.tiff,2484,191.238,0.854,633420,633420,1.369,0.73,0.955,1
946,colony_683.tiff,2919,204.309,0.879,744345,744345,1.272,0.786,0.973,1
947,colony_684.tiff,2079,172.995,0.873,530145,530145,1.363,0.734,0.968,1
948,colony_685.tiff,2232,177.823,0.887,569160,569160,1.309,0.764,0.97,1
949,colony_686.tiff,1996,172.167,0.846,508980,508980,1.589,0.629,0.969,1
950,colony_687.tiff,2161,186.551,0.78,551055,551055,1.844,0.542,0.955,1
951,colony_688.tiff,2488,188.409,0.881,634440,634440,1.279,0.782,0.97,1
952,colony_689.tiff,2335,187.095,0.838,595425,595425,1.585,0.631,0.969,1
953,colony_69.tiff,2334,296.191,0.334,595170,595170,2.998,0.334,0.754,1
954,colony_690.tiff,1801,178.995,0.706,459255,459255,1.581,0.632,0.914,1
955,colony_691.tiff,2655,197.137,0.858,677025,677025,1.349,0.741,0.965,1
956,colony_692.tiff,2159,177.823,0.858,550545,550545,1.441,0.694,0.97,1
957,colony_693.tiff,1720,161.924,0.824,438600,438600,1.172,0.853,0.934,1
958,colony_694.tiff,2045,176.995,0.82,521475,521475,1.508,0.663,0.943,1
959,colony_695.tiff,2104,181.823,0.8,536520,536520,1.643,0.609,0.939,1
960,colony_696.tiff,1676,155.338,0.873,427380,427380,1.382,0.724,0.964,1
961,colony_697.tiff,2691,198.309,0.86,686205,686205,1.452,0.689,0.969,1
962,colony_698.tiff,2307,182.409,0.871,588285,588285,1.303,0.768,0.969,1
963,colony_699.tiff,2540,191.823,0.867,647700,647700,1.388,0.72,0.972,1
964,colony_7.tiff,2221,180.652,0.855,566355,566355,1.431,0.699,0.965,1
965,colony_70.tiff,2003,167.095,0.901,510765,510765,1.102,0.907,0.97,1
966,colony_700.tiff,1929,165.095,0.889,491895,491895,1.305,0.766,0.968,1
967,colony_701.tiff,2447,185.823,0.891,623985,623985,1.258,0.795,0.971,1
968,colony_702.tiff,2438,184.894,0.896,621690,621690,1.187,0.843,0.971,1
969,colony_703.tiff,2490,189.924,0.867,634950,634950,1.456,0.687,0.973,1
970,colony_704.tiff,2249,184.451,0.831,573495,573495,1.72,0.582,0.97,1
971,colony_705.tiff,2259,178.167,0.894,576045,576045,1.346,0.743,0.973,1
972,colony_706.tiff,1344,180.024,0.521,342720,342720,3.071,0.326,0.866,1
973,colony_707.tiff,2707,196.309,0.883,690285,690285,1.293,0.773,0.97,1
974,colony_708.tiff,2141,175.238,0.876,545955,545955,1.267,0.789,0.967,1
975,colony_709.tiff,2403,183.48,0.897,612765,612765,1.185,0.844,0.971,1
976,colony_71.tiff,3242,229.865,0.771,826710,826710,1.498,0.668,0.923,1
977,colony_710.tiff,2276,185.723,0.829,580380,580380,1.582,0.632,0.966,1
978,colony_711.tiff,1882,164.167,0.878,479910,479910,1.074,0.931,0.966,1
979,colony_712.tiff,1792,161.924,0.859,456960,456960,1.398,0.715,0.966,1
980,colony_713.tiff,2301,183.338,0.86,586755,586755,1.416,0.706,0.971,1
981,colony_714.tiff,1831,163.581,0.86,466905,466905,1.477,0.677,0.966,1
982,colony_715.tiff,2133,177.924,0.847,543915,543915,1.177,0.85,0.958,1
983,colony_716.tiff,2145,172.752,0.903,546975,546975,1.133,0.883,0.97,1
984,colony_717.tiff,1087,208.51,0.314,277185,277185,6.741,0.148,0.812,1
985,colony_718.tiff,1594,195.48,0.524,406470,406470,1.605,0.623,0.812,1
986,colony_719.tiff,2224,180.853,0.854,567120,567120,1.494,0.669,0.969,1
987,colony_72.tiff,4087,270.635,0.701,1042185,1042185,1.564,0.639,0.891,1
988,colony_720.tiff,2126,175.238,0.87,542130,542130,1.311,0.763,0.968,1
989,colony_721.tiff,2363,186.167,0.857,602565,602565,1.337,0.748,0.956,1
990,colony_722.tiff,2724,225.966,0.67,694620,694620,2.07,0.483,0.869,1
991,colony_723.tiff,2574,191.966,0.878,656370,656370,1.23,0.813,0.966,1
992,colony_724.tiff,1800,161.823,0.864,459000,459000,1.488,0.672,0.966,1
993,colony_725.tiff,1249,132.225,0.898,318495,318495,1.245,0.803,0.966,1
994,colony_726.tiff,1879,162.853,0.89,479145,479145,1.305,0.766,0.969,1
995,colony_727.tiff,2234,177.823,0.888,569670,569670,1.208,0.828,0.97,1
998,colony_729.tiff,2063,174.024,0.856,526065,526065,1.504,0.665,0.966,1
999,colony_73.tiff,2511,194.309,0.836,640305,640305,1.601,0.625,0.969,1
1000,colony_730.tiff,2264,182.51,0.854,577320,577320,1.275,0.784,0.935,1
1001,colony_731.tiff,1990,173.782,0.828,507450,507450,1.54,0.649,0.967,1
1002,colony_732.tiff,2323,179.338,0.908,592365,592365,1.084,0.922,0.973,1
1003,colony_733.tiff,1847,165.439,0.848,470985,470985,1.479,0.676,0.967,1
1004,colony_734.tiff,1873,166.267,0.851,477615,477615,1.294,0.773,0.955,1
1005,colony_735.tiff,2472,190.652,0.855,630360,630360,1.439,0.695,0.963,1
1006,colony_736.tiff,1937,169.095,0.851,493935,493935,1.45,0.69,0.964,1
1007,colony_737.tiff,2719,198.409,0.868,693345,693345,1.289,0.776,0.968,1
1008,colony_738.tiff,2211,177.924,0.878,563805,563805,1.261,0.793,0.969,1
1009,colony_739.tiff,3920,241.137,0.847,999600,999600,1.452,0.689,0.974,1
1010,colony_74.tiff,2063,172.51,0.871,526065,526065,1.346,0.743,0.968,1
1011,colony_740.tiff,1823,199.179,0.577,464865,464865,1.622,0.617,0.882,1
1012,colony_741.tiff,1680,155.196,0.877,428400,428400,1.241,0.806,0.959,1
1013,colony_742.tiff,1810,160.51,0.883,461550,461550,1.352,0.74,0.968,1
1014,colony_743.tiff,2156,175.681,0.878,549780,549780,1.358,0.737,0.969,1
1015,colony_744.tiff,2750,200.066,0.863,701250,701250,1.438,0.696,0.971,1
1016,colony_745.tiff,2356,193.581,0.79,600780,600780,1.2,0.833,0.848,1
1017,colony_746.tiff,2042,172.409,0.863,520710,520710,1.236,0.809,0.953,1
1018,colony_747.tiff,2740,199.338,0.867,698700,698700,1.408,0.71,0.972,1
1019,colony_748.tiff,1881,166.51,0.853,479655,479655,1.438,0.696,0.965,1
1020,colony_749.tiff,2417,186.652,0.872,616335,616335,1.382,0.723,0.97,1
1021,colony_75.tiff,1572,149.196,0.887,400860,400860,1.338,0.748,0.97,1
1022,colony_750.tiff,2045,174.267,0.846,521475,521475,1.539,0.65,0.968,1
1023,colony_751.tiff,1672,183.539,0.624,426360,426360,2.632,0.38,0.946,1
1024,colony_752.tiff,1791,162.409,0.853,456705,456705,1.267,0.789,0.954,1
1025,colony_753.tiff,1408,140.953,0.891,359040,359040,1.306,0.766,0.964,1
1026,colony_754.tiff,2823,200.652,0.881,719865,719865,1.243,0.804,0.973,1
1027,colony_755.tiff,1737,160.752,0.845,442935,442935,1.556,0.643,0.963,1
1028,colony_756.tiff,2141,176.066,0.868,545955,545955,1.154,0.867,0.965,1
1029,colony_757.tiff,1917,163.196,0.905,488835,488835,1.211,0.826,0.974,1
1030,colony_758.tiff,2025,172.51,0.855,516375,516375,1.465,0.683,0.967,1
1031,colony_759.tiff,2726,196.752,0.885,695130,695130,1.283,0.779,0.973,1
1032,colony_76.tiff,2353,183.924,0.874,600015,600015,1.349,0.741,0.97,1
1033,colony_760.tiff,2743,195.581,0.901,699465,699465,1.121,0.892,0.975,1
1034,colony_761.tiff,2036,171.581,0.869,519180,519180,1.372,0.729,0.966,1
1035,colony_762.tiff,1378,173.054,0.578,351390,351390,3.067,0.326,0.942,1
1036,colony_763.tiff,1758,158.51,0.879,448290,448290,1.368,0.731,0.967,1
1037,colony_764.tiff,2223,180.167,0.861,566865,566865,1.434,0.697,0.968,1
1038,colony_765.tiff,1648,155.581,0.856,420240,420240,1.564,0.639,0.965,1
1039,colony_766.tiff,1976,168.853,0.871,503880,503880,1.435,0.697,0.969,1
1040,colony_767.tiff,4079,241.765,0.877,1040145,1040145,1.107,0.903,0.967,1
1041,colony_768.tiff,2432,187.723,0.867,620160,620160,1.21,0.826,0.966,1
1042,colony_769.tiff,1938,167.48,0.868,494190,494190,1.228,0.814,0.957,1
1043,colony_77.tiff,2174,176.853,0.873,554370,554370,1.384,0.722,0.972,1
1044,colony_770.tiff,2127,174.752,0.875,542385,542385,1.235,0.809,0.967,1
1045,colony_771.tiff,701,99.497,0.89,178755,178755,1.357,0.737,0.959,1
1046,colony_772.tiff,2289,180.652,0.881,583695,583695,1.301,0.768,0.969,1
1047,colony_773.tiff,1015,149.296,0.572,258825,258825,2.421,0.413,0.873,1
1048,colony_774.tiff,2785,203.238,0.847,710175,710175,1.413,0.708,0.971,1
1049,colony_775.tiff,1620,156.125,0.835,413100,413100,1.637,0.611,0.961,1
1050,colony_776.tiff,595,92.912,0.866,151725,151725,1.396,0.716,0.944,1
1051,colony_777.tiff,1989,165.338,0.914,507195,507195,1.088,0.919,0.971,1
1052,colony_778.tiff,1668,154.267,0.881,425340,425340,1.229,0.814,0.964,1
1053,colony_779.tiff,2821,198.894,0.896,719355,719355,1.212,0.825,0.973,1
1054,colony_78.tiff,2288,178.267,0.905,583440,583440,1.194,0.838,0.974,1
1055,colony_780.tiff,1992,168.61,0.881,507960,507960,1.286,0.778,0.969,1
1056,colony_781.tiff,2247,180.167,0.87,572985,572985,1.358,0.736,0.969,1
1057,colony_782.tiff,2199,175.439,0.898,560745,560745,1.209,0.827,0.973,1
1058,colony_783.tiff,1593,153.581,0.849,406215,406215,1.536,0.651,0.96,1
1059,colony_784.tiff,3066,221.581,0.785,781830,781830,1.791,0.558,0.958,1
1060,colony_785.tiff,2166,175.581,0.883,552330,552330,1.315,0.761,0.97,1
1061,colony_786.tiff,1930,168.752,0.852,492150,492150,1.464,0.683,0.962,1
1062,colony_787.tiff,2160,174.267,0.894,550800,550800,1.26,0.793,0.973,1
1063,colony_788.tiff,2802,202.894,0.855,714510,714510,1.517,0.659,0.974,1
1064,colony_789.tiff,1774,159.924,0.872,452370,452370,1.38,0.724,0.967,1
1065,colony_79.tiff,2144,179.48,0.836,546720,546720,1.413,0.707,0.953,1
1066,colony_790.tiff,1325,135.296,0.91,337875,337875,1.135,0.881,0.968,1
1067,colony_791.tiff,2351,183.581,0.877,599505,599505,1.354,0.739,0.973,1
1068,colony_792.tiff,2225,179.095,0.872,567375,567375,1.304,0.767,0.966,1
1069,colony_793.tiff,2149,184.652,0.792,547995,547995,1.339,0.747,0.889,1
1070,colony_794.tiff,2719,201.924,0.838,693345,693345,1.607,0.622,0.973,1
1071,colony_795.tiff,1755,181.296,0.671,447525,447525,2.588,0.386,0.967,1
1072,colony_796.tiff,1949,166.024,0.889,496995,496995,1.324,0.755,0.968,1
1073,colony_797.tiff,2862,202.551,0.877,729810,729810,1.305,0.766,0.968,1
1074,colony_798.tiff,1983,167.338,0.89,505665,505665,1.067,0.937,0.965,1
1075,colony_799.tiff,2215,183.095,0.83,564825,564825,1.567,0.638,0.966,1
1076,colony_8.tiff,1951,170.409,0.844,497505,497505,1.52,0.658,0.964,1
1077,colony_80.tiff,2717,256.451,0.519,692835,692835,1.658,0.603,0.802,1
1078,colony_800.tiff,2111,176.652,0.85,538305,538305,1.542,0.648,0.968,1
1079,colony_801.tiff,2722,198.267,0.87,694110,694110,1.388,0.721,0.975,1
1080,colony_802.tiff,1462,142.711,0.902,372810,372810,1.02,0.98,0.963,1
1081,colony_803.tiff,2172,178.61,0.856,553860,553860,1.402,0.713,0.963,1
1082,colony_804.tiff,2226,178.167,0.881,567630,567630,1.244,0.804,0.968,1
1083,colony_805.tiff,2842,207.581,0.829,724710,724710,1.2,0.833,0.953,1
1084,colony_806.tiff,1810,210.711,0.512,461550,461550,3.856,0.259,0.916,1
1085,colony_807.tiff,2221,176.167,0.899,566355,566355,1.179,0.848,0.971,1
1086,colony_808.tiff,2275,181.238,0.87,580125,580125,1.507,0.664,0.972,1
1087,colony_809.tiff,2039,170.853,0.878,519945,519945,1.392,0.718,0.97,1
1088,colony_81.tiff,1958,169.338,0.858,499290,499290,1.416,0.706,0.965,1
1089,colony_810.tiff,2583,191.439,0.886,658665,658665,1.357,0.737,0.977,1
1090,colony_811.tiff,2135,172.267,0.904,544425,544425,1.123,0.89,0.97,1
1091,colony_812.tiff,2203,178.995,0.864,561765,561765,1.393,0.718,0.969,1
1092,colony_813.tiff,1501,151.782,0.819,382755,382755,1.393,0.718,0.944,1
1093,colony_814.tiff,1910,166.51,0.866,487050,487050,1.28,0.781,0.959,1
1094,colony_815.tiff,2937,202.066,0.904,748935,748935,1.177,0.85,0.975,1
1095,colony_816.tiff,1660,156.267,0.854,423300,423300,1.371,0.73,0.956,1
1096,colony_817.tiff,2159,205.238,0.644,550545,550545,2.68,0.373,0.956,1
1097,colony_818.tiff,2057,187.338,0.737,524535,524535,1.885,0.53,0.938,1
1098,colony_819.tiff,1256,142.024,0.782,320280,320280,1.665,0.601,0.942,1
1099,colony_82.tiff,1959,167.681,0.876,499545,499545,1.229,0.814,0.965,1
1100,colony_820.tiff,2661,195.338,0.876,678555,678555,1.401,0.714,0.975,1
1101,colony_821.tiff,2370,183.095,0.888,604350,604350,1.312,0.762,0.974,1
1102,colony_822.tiff,1972,167.238,0.886,502860,502860,1.342,0.745,0.97,1
1103,colony_823.tiff,2961,206.309,0.874,755055,755055,1.328,0.753,0.973,1
1104,colony_824.tiff,2164,179.137,0.847,551820,551820,1.574,0.635,0.965,1
1105,colony_825.tiff,1885,167.095,0.848,480675,480675,1.497,0.668,0.967,1
1106,colony_826.tiff,2092,171.924,0.889,533460,533460,1.07,0.934,0.966,1
1107,colony_827.tiff,2743,197.823,0.881,699465,699465,1.232,0.812,0.969,1
1108,colony_828.tiff,1039,156.409,0.534,264945,264945,2.804,0.357,0.876,1
1109,colony_829.tiff,1793,164.853,0.829,457215,457215,1.38,0.725,0.934,1
1110,colony_83.tiff,1767,159.095,0.877,450585,450585,1.298,0.77,0.964,1
1111,colony_830.tiff,1965,170.167,0.853,501075,501075,1.465,0.683,0.967,1
1112,colony_831.tiff,2519,187.823,0.897,642345,642345,1.219,0.82,0.973,1
1113,colony_832.tiff,2328,182.652,0.877,593640,593640,1.281,0.78,0.97,1
1114,colony_833.tiff,1871,164.167,0.872,477105,477105,1.489,0.672,0.97,1
1115,colony_834.tiff,2628,192.652,0.89,670140,670140,1.303,0.767,0.97,1
1116,colony_835.tiff,2206,177.095,0.884,562530,562530,1.317,0.76,0.97,1
1117,colony_836.tiff,1784,159.338,0.883,454920,454920,1.303,0.768,0.966,1
1118,colony_837.tiff,1544,149.439,0.869,393720,393720,1.205,0.83,0.964,1
1119,colony_838.tiff,2527,188.752,0.891,644385,644385,1.144,0.874,0.972,1
1120,colony_839.tiff,2498,231.38,0.586,636990,636990,2.892,0.346,0.928,1
1121,colony_84.tiff,2265,181.924,0.86,577575,577575,1.349,0.741,0.965,1
1122,colony_840.tiff,2493,186.995,0.896,635715,635715,1.171,0.854,0.97,1
1123,colony_841.tiff,1984,170.409,0.859,505920,505920,1.454,0.688,0.962,1
1124,colony_842.tiff,2936,205.966,0.87,748680,748680,1.403,0.713,0.973,1
1125,colony_843.tiff,4957,266.593,0.876,1264035,1264035,1.179,0.848,0.959,1
1126,colony_844.tiff,1861,165.681,0.852,474555,474555,1.398,0.715,0.965,1
1127,colony_845.tiff,2796,198.551,0.891,712980,712980,1.192,0.839,0.971,1
1128,colony_846.tiff,1873,163.681,0.879,477615,477615,1.298,0.771,0.967,1
1129,colony_847.tiff,1826,161.439,0.88,465630,465630,1.267,0.789,0.966,1
1130,colony_848.tiff,1342,136.125,0.91,342210,342210,1.123,0.891,0.966,1
1131,colony_849.tiff,2240,176.995,0.899,571200,571200,1.075,0.931,0.97,1
1132,colony_85.tiff,2096,175.095,0.859,534480,534480,1.275,0.784,0.96,1
1133,colony_850.tiff,2520,190.652,0.871,642600,642600,1.31,0.763,0.969,1
1134,colony_851.tiff,2091,194.368,0.696,533205,533205,2.445,0.409,0.962,1
1135,colony_852.tiff,1149,130.811,0.844,292995,292995,1.619,0.618,0.953,1
1136,colony_853.tiff,2406,188.309,0.853,613530,613530,1.401,0.714,0.966,1
1137,colony_854.tiff,1508,147.196,0.875,384540,384540,1.315,0.76,0.965,1
1138,colony_855.tiff,2293,178.752,0.902,584715,584715,1.226,0.816,0.97,1
1139,colony_856.tiff,3016,214.309,0.825,769080,769080,1.542,0.649,0.944,1
1140,colony_857.tiff,2162,174.167,0.896,551310,551310,1.211,0.826,0.968,1
1141,colony_858.tiff,2367,186.894,0.852,603585,603585,1.305,0.766,0.94,1
1142,colony_859.tiff,1625,149.439,0.914,414375,414375,1.118,0.894,0.971,1
1143,colony_86.tiff,1912,166.51,0.867,487560,487560,1.413,0.708,0.966,1
1144,colony_860.tiff,1801,159.338,0.891,459255,459255,1.194,0.837,0.966,1
1145,colony_861.tiff,1772,155.782,0.918,451860,451860,1.113,0.899,0.973,1
1146,colony_862.tiff,1656,186.51,0.598,422280,422280,2.38,0.42,0.921,1
1147,colony_863.tiff,1249,133.296,0.883,318495,318495,1.091,0.917,0.958,1
1148,colony_864.tiff,2002,168.752,0.883,510510,510510,1.266,0.79,0.967,1
1149,colony_865.tiff,1885,162.024,0.902,480675,480675,1.189,0.841,0.97,1
1150,colony_866.tiff,1613,148.368,0.921,411315,411315,1.07,0.935,0.972,1
1151,colony_867.tiff,1377,137.439,0.916,351135,351135,1.077,0.928,0.966,1
1152,colony_868.tiff,1450,143.924,0.88,369750,369750,1.254,0.797,0.954,1
1153,colony_869.tiff,1724,158.024,0.868,439620,439620,1.354,0.739,0.963,1
1154,colony_87.tiff,2193,178.309,0.867,559215,559215,1.225,0.816,0.957,1
1155,colony_870.tiff,2549,191.966,0.869,649995,649995,1.333,0.75,0.967,1
1156,colony_871.tiff,2089,174.995,0.857,532695,532695,1.427,0.701,0.966,1
1157,colony_872.tiff,2290,182.894,0.86,583950,583950,1.483,0.674,0.968,1
1158,colony_873.tiff,2362,184.894,0.868,602310,602310,1.33,0.752,0.967,1
1159,colony_874.tiff,3897,241.522,0.84,993735,993735,1.394,0.717,0.957,1
1160,colony_875.tiff,1952,168.752,0.861,497760,497760,1.395,0.717,0.967,1
1161,colony_877.tiff,1746,157.338,0.886,445230,445230,1.168,0.856,0.963,1
1162,colony_878.tiff,1732,156.61,0.887,441660,441660,1.242,0.805,0.967,1
1163,colony_879.tiff,2160,174.409,0.892,550800,550800,1.242,0.805,0.969,1
1164,colony_88.tiff,2922,206.167,0.864,745110,745110,1.332,0.751,0.968,1
1165,colony_880.tiff,2307,181.095,0.884,588285,588285,1.328,0.753,0.971,1
1166,colony_881.tiff,2503,191.966,0.854,638265,638265,1.312,0.762,0.957,1
1167,colony_882.tiff,2827,204.551,0.849,720885,720885,1.418,0.705,0.972,1
1168,colony_883.tiff,2305,180.51,0.889,587775,587775,1.33,0.752,0.972,1
1169,colony_884.tiff,1806,208.066,0.524,460530,460530,2.126,0.47,0.875,1
1170,colony_885.tiff,1878,164.61,0.871,478890,478890,1.425,0.702,0.97,1
1171,colony_886.tiff,1238,134.267,0.863,315690,315690,1.393,0.718,0.953,1
1172,colony_887.tiff,1577,148.368,0.9,402135,402135,1.148,0.871,0.966,1
1173,colony_888.tiff,2316,185.681,0.844,590580,590580,1.419,0.705,0.964,1
1174,colony_889.tiff,2360,180.167,0.914,601800,601800,1.233,0.811,0.975,1
1175,colony_89.tiff,2700,196.995,0.874,688500,688500,1.257,0.795,0.968,1
1176,colony_890.tiff,2762,205.581,0.821,704310,704310,1.676,0.597,0.973,1
1177,colony_891.tiff,2323,188.409,0.822,592365,592365,1.601,0.625,0.964,1
1178,colony_892.tiff,2734,197.823,0.878,697170,697170,1.168,0.856,0.971,1
1179,colony_893.tiff,1950,164.853,0.902,497250,497250,1.198,0.835,0.972,1
1180,colony_894.tiff,2388,184.167,0.885,608940,608940,1.197,0.835,0.971,1
1181,colony_895.tiff,1941,185.296,0.71,494955,494955,2.374,0.421,0.956,1
1182,colony_896.tiff,1850,160.853,0.899,471750,471750,1.245,0.803,0.968,1
1183,colony_897.tiff,2722,194.894,0.901,694110,694110,1.152,0.868,0.969,1
1184,colony_898.tiff,2116,175.095,0.867,539580,539580,1.377,0.726,0.967,1
1185,colony_899.tiff,2053,169.823,0.895,523515,523515,1.198,0.835,0.969,1
1186,colony_9.tiff,2068,171.095,0.888,527340,527340,1.352,0.74,0.971,1
1187,colony_90.tiff,2309,186.167,0.837,588795,588795,1.574,0.635,0.967,1
1188,colony_900.tiff,2414,206.35,0.712,615570,615570,1.324,0.755,0.931,1
1189,colony_901.tiff,1757,156.368,0.903,448035,448035,1.223,0.817,0.972,1
1190,colony_902.tiff,2065,169.095,0.908,526575,526575,1.195,0.837,0.973,1
1191,colony_903.tiff,1526,152.61,0.823,389130,389130,1.489,0.671,0.956,1
1192,colony_904.tiff,2233,179.338,0.872,569415,569415,1.379,0.725,0.969,1
1193,colony_905.tiff,3201,221.723,0.818,816255,816255,1.596,0.627,0.954,1
1194,colony_906.tiff,1487,186.409,0.538,379185,379185,2.411,0.415,0.866,1
1195,colony_907.tiff,2804,198.066,0.898,715020,715020,1.221,0.819,0.974,1
1196,colony_908.tiff,1674,154.61,0.88,426870,426870,1.327,0.754,0.968,1
1197,colony_909.tiff,1607,153.439,0.858,409785,409785,1.312,0.762,0.962,1
1198,colony_91.tiff,1975,198.024,0.633,503625,503625,2.759,0.362,0.954,1
1199,colony_910.tiff,2127,176.995,0.853,542385,542385,1.511,0.662,0.966,1
1200,colony_911.tiff,1716,162.024,0.821,437580,437580,1.473,0.679,0.952,1
1201,colony_912.tiff,2164,176.167,0.876,551820,551820,1.325,0.754,0.968,1
1202,colony_913.tiff,1760,159.095,0.874,448800,448800,1.315,0.76,0.966,1
1203,colony_914.tiff,2216,179.723,0.862,565080,565080,1.443,0.693,0.97,1
1,colony_915.tiff,2012,167.924,0.897,513060,513060,1.163,0.86,0.967,1
2,colony_916.tiff,2237,177.581,0.891,570435,570435,1.29,0.775,0.971,1
3,colony_917.tiff,2344,202.024,0.722,597720,597720,2.292,0.436,0.953,1
4,colony_918.tiff,2578,192.995,0.87,657390,657390,1.315,0.761,0.97,1
5,colony_919.tiff,2095,175.581,0.854,534225,534225,1.376,0.727,0.965,1
6,colony_92.tiff,1869,163.095,0.883,476595,476595,1.3,0.769,0.968,1
7,colony_920.tiff,2019,168.51,0.894,514845,514845,1.271,0.787,0.97,1
8,colony_921.tiff,2129,171.924,0.905,542895,542895,1.109,0.901,0.97,1
9,colony_922.tiff,2168,176.51,0.874,552840,552840,1.208,0.828,0.967,1
10,colony_923.tiff,1836,164.652,0.851,468180,468180,1.489,0.672,0.966,1
11,colony_924.tiff,2023,168.51,0.895,515865,515865,1.246,0.803,0.968,1
12,colony_925.tiff,2163,172.752,0.911,551565,551565,1.185,0.844,0.971,1
13,colony_926.tiff,2105,172.853,0.885,536775,536775,1.243,0.805,0.968,1
14,colony_927.tiff,2242,180.409,0.866,571710,571710,1.274,0.785,0.97,1
15,colony_928.tiff,2230,199.338,0.705,568650,568650,2.324,0.43,0.962,1
16,colony_929.tiff,2219,174.61,0.915,565845,565845,1.237,0.809,0.979,1
17,colony_93.tiff,1684,153.439,0.899,429420,429420,1.242,0.805,0.969,1
18,colony_930.tiff,1786,158.51,0.893,455430,455430,1.098,0.911,0.965,1
19,colony_931.tiff,2187,177.581,0.871,557685,557685,1.331,0.751,0.961,1
20,colony_932.tiff,2108,176.066,0.855,537540,537540,1.443,0.693,0.966,1
21,colony_933.tiff,2880,208.108,0.836,734400,734400,1.596,0.626,0.963,1
22,colony_934.tiff,2343,184.309,0.867,597465,597465,1.126,0.888,0.967,1
23,colony_935.tiff,1758,155.439,0.914,448290,448290,1.147,0.872,0.97,1
24,colony_936.tiff,2240,179.48,0.874,571200,571200,1.354,0.739,0.969,1
25,colony_937.tiff,2445,188.794,0.862,623475,623475,1.292,0.774,0.967,1
26,colony_938.tiff,2465,185.581,0.899,628575,628575,1.177,0.849,0.973,1
27,colony_939.tiff,2221,191.095,0.764,566355,566355,1.938,0.516,0.965,1
28,colony_94.tiff,1895,162.752,0.899,483225,483225,1.14,0.877,0.967,1
29,colony_940.tiff,1811,160.167,0.887,461805,461805,1.318,0.759,0.968,1
30,colony_941.tiff,1752,157.095,0.892,446760,446760,1.178,0.849,0.963,1
31,colony_942.tiff,3037,208.309,0.88,774435,774435,1.311,0.763,0.974,1
32,colony_943.tiff,4810,273.622,0.807,1226550,1226550,1.506,0.664,0.934,1
33,colony_944.tiff,2215,181.095,0.849,564825,564825,1.443,0.693,0.96,1
34,colony_945.tiff,2012,220.693,0.519,513060,513060,1.458,0.686,0.896,1
35,colony_946.tiff,1898,164.167,0.885,483990,483990,1.262,0.793,0.965,1
36,colony_947.tiff,1247,134.368,0.868,317985,317985,1.054,0.949,0.952,1
37,colony_948.tiff,1175,136.953,0.787,299625,299625,1.518,0.659,0.955,1
38,colony_949.tiff,2059,172.51,0.869,525045,525045,1.431,0.699,0.968,1
39,colony_95.tiff,1756,161.338,0.848,447780,447780,1.238,0.808,0.948,1
40,colony_950.tiff,1199,185.238,0.439,305745,305745,2.116,0.473,0.783,1
41,colony_951.tiff,1658,157.095,0.844,422790,422790,1.246,0.802,0.947,1
42,colony_952.tiff,2355,183.581,0.878,600525,600525,1.235,0.81,0.97,1
43,colony_953.tiff,1236,132.125,0.89,315180,315180,1.09,0.918,0.953,1
44,colony_954.tiff,1542,152.51,0.833,393210,393210,1.553,0.644,0.95,1
45,colony_955.tiff,1292,137.196,0.863,329460,329460,1.143,0.875,0.943,1
46,colony_956.tiff,1400,142.711,0.864,357000,357000,1.416,0.706,0.961,1
47,colony_957.tiff,2932,203.137,0.893,747660,747660,1.103,0.907,0.972,1
48,colony_958.tiff,2004,170.409,0.867,511020,511020,1.354,0.738,0.966,1
49,colony_959.tiff,1407,139.439,0.909,358785,358785,1.197,0.835,0.966,1
50,colony_96.tiff,2345,181.581,0.894,597975,597975,1.255,0.797,0.972,1
51,colony_960.tiff,2663,223.622,0.669,679065,679065,1.239,0.807,0.927,1
52,colony_961.tiff,2208,184.024,0.819,563040,563040,1.685,0.593,0.971,1
53,colony_962.tiff,1735,170.752,0.748,442425,442425,1.972,0.507,0.947,1
54,colony_963.tiff,1136,128.225,0.868,289680,289680,1.492,0.67,0.965,1
55,colony_964.tiff,2145,173.681,0.894,546975,546975,1.268,0.789,0.971,1
56,colony_965.tiff,2758,197.48,0.889,703290,703290,1.257,0.796,0.973,1
57,colony_966.tiff,1273,137.196,0.85,324615,324615,1.362,0.734,0.952,1
58,colony_967.tiff,1630,161.924,0.781,415650,415650,1.357,0.737,0.92,1
59,colony_968.tiff,1256,134.711,0.87,320280,320280,1.151,0.869,0.956,1
60,colony_969.tiff,1710,160.024,0.839,436050,436050,1.491,0.671,0.967,1
61,colony_97.tiff,2255,185.681,0.822,575025,575025,1.689,0.592,0.97,1
62,colony_970.tiff,2426,203.38,0.737,618630,618630,1.287,0.777,0.935,1
63,colony_971.tiff,1066,144.125,0.645,271830,271830,1.815,0.551,0.898,1
64,colony_972.tiff,1199,130.61,0.883,305745,305745,1.3,0.769,0.953,1
65,colony_973.tiff,2302,209.782,0.657,587010,587010,2.729,0.366,0.97,1
66,colony_974.tiff,1319,152.51,0.713,336345,336345,1.378,0.725,0.903,1
67,colony_975.tiff,893,112.811,0.882,227715,227715,1.411,0.709,0.962,1
68,colony_976.tiff,1462,164.167,0.682,372810,372810,1.563,0.64,0.828,1
69,colony_977.tiff,1264,142.368,0.784,322320,322320,1.598,0.626,0.929,1
70,colony_978.tiff,2277,237.037,0.509,580635,580635,1.441,0.694,0.871,1
71,colony_979.tiff,1467,173.924,0.609,374085,374085,1.559,0.642,0.834,1
72,colony_98.tiff,2463,188.167,0.874,628065,628065,1.329,0.752,0.972,1
73,colony_980.tiff,2222,181.238,0.85,566610,566610,1.385,0.722,0.964,1
74,colony_981.tiff,785,144.51,0.472,200175,200175,2.798,0.357,0.837,1
75,colony_982.tiff,1595,151.439,0.874,406725,406725,1.392,0.719,0.967,1
76,colony_983.tiff,1125,211.279,0.317,286875,286875,1.537,0.651,0.775,1
77,colony_984.tiff,1217,151.397,0.667,310335,310335,2.515,0.398,0.952,1
78,colony_985.tiff,1882,192.794,0.636,479910,479910,1.879,0.532,0.885,1
79,colony_986.tiff,2348,229.865,0.558,598740,598740,1.113,0.899,0.864,1
80,colony_987.tiff,1793,184.51,0.662,457215,457215,1.371,0.729,0.742,1
81,colony_988.tiff,2417,200.551,0.755,616335,616335,1.551,0.645,0.908,1
82,colony_989.tiff,1133,191.865,0.387,288915,288915,2.142,0.467,0.836,1
83,colony_99.tiff,2923,207.723,0.851,745365,745365,1.384,0.723,0.962,1
84,colony_990.tiff,2557,245.078,0.535,652035,652035,1.776,0.563,0.899,1
85,colony_991.tiff,2067,171.581,0.882,527085,527085,1.161,0.861,0.965,1
86,colony_992.tiff,1477,143.782,0.898,376635,376635,1.26,0.794,0.967,1
87,colony_993.tiff,1545,173.48,0.645,393975,393975,2.099,0.477,0.9,1
88,colony_994.tiff,1520,161.782,0.73,387600,387600,1.45,0.69,0.827,1
89,colony_995.tiff,1491,156.267,0.767,380205,380205,1.787,0.56,0.937,1
93,colony_999.tiff,1492,146.61,0.872,380460,380460,1.243,0.804,0.943,1
